github_followers,github_public_repos,years_of_experience,skill_match_count,commit_frequency,repo_quality_score,collaboration_score,risk_category
51,39,10,7,1.3637110502945837,8.140669059512668,5.242859833747512,Medium Risk
92,38,11,0,1.9668855823121312,6.061095998529731,4.0826677392642585,Medium Risk
14,20,13,2,0.553323871633461,9.495374371136517,3.096805643514559,Medium Risk
71,9,3,0,1.9813074182357704,3.395289191306933,2.971171581278419,High Risk
60,37,12,8,0.09200897625379456,1.0814594233719865,3.0580258244947878,Medium Risk
20,45,9,1,6.272584006359782,5.065012010369253,8.848030809601958,Medium Risk
82,3,11,8,3.163754073876829,0.8581077170943885,7.237952301747855,Medium Risk
86,44,12,3,9.731447114269086,9.695265233240068,6.697230078311506,Low Risk
74,19,1,1,1.9371705077629786,0.3868495825719154,7.987491489520008,High Risk
74,16,14,3,3.458285703095939,7.5350390110730805,2.57114663004145,Medium Risk
87,6,2,9,3.5784115864153323,5.25102398142244,6.180428120817557,Medium Risk
99,3,5,5,0.0845149606246054,3.686206524982887,4.60066238957951,High Risk
23,28,7,6,8.39207953039459,0.6584216450865465,7.824416352001934,Medium Risk
2,13,7,2,0.3199446014432472,6.221669241736078,3.092561104732855,High Risk
21,2,14,2,9.401798347292413,5.852203293909552,6.431786168698958,Medium Risk
52,23,10,9,8.920743510936207,2.8088327306759977,8.822124118173134,Medium Risk
1,36,14,7,5.355219160859636,9.102217014103122,4.021504761949287,Low Risk
87,15,8,4,5.435955749112921,3.041100073428369,0.6662208736746145,High Risk
29,3,6,3,6.537779229561563,4.497254105921061,5.160508223417928,High Risk
37,23,12,6,3.8705001193488697,5.437624559186557,3.4597248780702596,Medium Risk
1,33,1,6,6.472222833978555,1.002318781762861,6.72225380547175,Medium Risk
63,29,7,8,0.4476838868848687,9.321617192136323,9.51032924748606,Medium Risk
59,17,6,8,0.5404762734972657,3.745361524510411,4.85608317996847,Medium Risk
20,18,7,4,4.572304196195444,0.8077921387434361,4.6619023015553385,Medium Risk
32,30,11,7,5.49622301106035,3.8729117367532995,6.545848001914603,Medium Risk
75,18,2,9,8.87817640335819,6.0020254709258065,1.0349750359356769,Medium Risk
57,48,6,0,1.0466063390789626,5.136526718213296,2.535061889250146,High Risk
21,45,9,8,8.226479271938894,6.94541974037274,9.189793255003986,Low Risk
88,18,12,7,2.100473372920696,0.5548394206791063,6.699426133637663,Medium Risk
48,21,8,5,3.9408364851003186,2.8454061027205615,0.13444043983416254,High Risk
90,23,2,2,3.166024348274129,8.192305768401022,2.046254725590199,High Risk
58,44,13,2,4.00155272865399,0.7989368779136086,6.8283726602889905,Medium Risk
41,11,9,7,1.5049549807258555,8.554859546959575,7.643992025625742,Medium Risk
91,29,5,4,5.03570074403555,0.9189609207710625,8.39859572674042,Medium Risk
59,37,1,9,8.016425898313672,8.344542148916963,2.921768033820449,Medium Risk
79,30,1,6,4.415340103788969,3.6078840107872665,9.310285962775627,Medium Risk
14,35,4,4,4.906135758981991,6.122090632572158,5.529468935778924,Medium Risk
61,18,4,7,8.487675852813142,1.5288711564799817,6.965390223878929,Medium Risk
61,47,12,9,7.060581146380308,0.6616872172518085,5.96738862779908,Medium Risk
46,44,6,9,4.9045440851978475,2.1593820402013506,1.2274005467462046,Medium Risk
61,35,11,3,2.5769564818917967,1.2785381790869554,9.631146593848799,Medium Risk
50,29,1,1,8.849267468449666,3.124058976796318,1.2287557989415265,High Risk
54,48,10,2,5.770204016905583,5.143832465110202,2.5488195641118363,Medium Risk
63,32,13,7,2.2114761011069337,5.887594635650095,8.136278802229802,Medium Risk
2,17,12,6,2.691197526380104,7.8986810737974285,6.185969615011015,Medium Risk
50,48,6,1,8.03133088936246,6.562398932483586,8.38149165376357,Medium Risk
6,27,4,5,0.4414556208745546,6.08758325129553,5.157361883740449,High Risk
20,46,13,8,9.9209218702882,4.117820274857746,3.7699323536663485,Low Risk
72,10,5,3,1.3035167971479178,4.738084349601387,9.218454995477849,High Risk
38,44,7,8,7.960685253969374,4.145208293901811,0.3625231751479485,Medium Risk
17,32,9,1,3.9477531677168285,8.421660300613832,8.56130220353046,Medium Risk
3,16,12,1,4.922161832874669,2.3000045254839985,2.308177851877816,Medium Risk
88,5,13,8,8.806505774645778,0.057209315419646245,8.487363277539679,Medium Risk
59,3,11,6,4.129111895892132,6.513198972262392,1.391966134168856,Medium Risk
13,19,3,6,5.374937536732345,2.024621836388314,5.802189636905405,High Risk
8,47,12,0,0.4929966240916994,8.901151363098093,8.88107919011472,Medium Risk
89,46,6,5,0.023474738674531537,8.590463297066561,4.735396468988905,Medium Risk
52,26,5,6,2.447998730017259,0.7672737192820589,7.46566673803393,Medium Risk
1,14,9,5,6.805830929187673,1.0638840541407735,8.046716178555585,Medium Risk
83,5,1,5,1.212648933591367,4.951715922466663,7.364942087167792,High Risk
91,46,14,1,1.1376195880454942,6.092226627693547,9.253297368745983,Medium Risk
59,13,7,5,4.109606080359033,2.7490833748224075,4.468342305199286,High Risk
70,10,9,3,6.478370386082265,7.1679771669937065,1.7312543916515577,Medium Risk
43,38,8,8,7.120719922479305,5.949160209188715,0.47811063702479784,Medium Risk
7,8,4,0,1.7845067409837478,3.248241097485547,2.464598696375051,High Risk
46,25,9,7,0.7958814737204245,0.25371488042315593,1.431975038802421,High Risk
34,15,3,4,9.403970339455443,7.501502812985176,5.579487414344805,Medium Risk
77,4,5,0,2.606663825621017,2.147536658250827,1.84945337211732,High Risk
80,9,7,3,8.533464976087238,8.344737434626284,0.3893370728937118,Medium Risk
35,49,10,0,8.634914504628183,4.202902600542552,0.3598982886866786,Medium Risk
49,2,14,5,7.725225917625444,5.770774426317654,8.315694983648616,Medium Risk
3,12,2,1,1.6883360665257008,8.72948730409002,5.914499314430248,High Risk
1,42,9,4,8.218014592542003,8.636230009199533,3.580853018933782,Medium Risk
5,48,10,6,7.692505592415867,3.715195752435733,8.94228042740247,Medium Risk
53,29,10,1,5.967229901062171,2.088888927148431,0.701966114077136,High Risk
3,44,0,5,3.3720203516895273,7.7514607772859465,9.803220727278259,Medium Risk
53,5,3,5,2.625086042665441,4.3308020360213115,6.16291790254461,High Risk
92,16,14,4,1.2188921208035897,1.9204199355900409,1.8346425396884847,Medium Risk
62,44,3,4,5.097570669008714,9.044253423171503,6.790690989769685,Medium Risk
17,18,0,2,5.852608755098466,1.9810419424108738,7.633812597835626,High Risk
89,41,8,9,3.5933899051578724,0.2580716819123108,4.293427833707745,Medium Risk
43,34,2,9,4.7535906768086855,0.20279973767419968,8.616326062455474,Medium Risk
33,45,4,1,3.635144573692667,6.223153564542643,1.507324072964703,High Risk
73,25,5,6,6.410060573207012,6.6167506071753035,2.7883758357760833,Medium Risk
61,4,7,0,9.012592077965634,3.110417050569839,0.9349236158398977,High Risk
99,28,5,5,1.6392026204694488,3.2001098924706337,2.1087784060735215,High Risk
13,36,2,5,3.8140880990312342,3.3949391505994275,2.3872881191114503,High Risk
94,19,5,2,1.4086860395086132,6.801585467588787,9.176331909217101,High Risk
47,48,0,1,6.2494377040783196,0.5813379102682859,0.781096887511562,High Risk
14,20,3,1,7.288705094885958,9.291163526913257,4.274151201877094,Medium Risk
71,9,5,8,9.31912732597456,2.2252104417744647,5.3239868722691295,Medium Risk
77,4,6,4,2.788719262609649,9.996732052420922,8.986930538021609,Medium Risk
86,35,10,6,9.502112058654301,1.7152269378718699,9.976962186612134,Medium Risk
61,5,12,4,0.632626718206748,7.715464573123775,7.533881149198358,Medium Risk
39,25,10,6,6.0301386336458815,2.2341254492962506,9.707909905690295,Medium Risk
84,3,9,3,0.5713271934332997,0.8084680164325397,7.8710113253587375,High Risk
79,38,2,7,8.937741877619448,8.749333243506488,9.632026409714166,Medium Risk
81,38,8,9,5.298090570700541,8.587512591908919,7.0727072594445515,Low Risk
52,49,11,9,6.693483507627961,4.035703924496014,0.7976342545107107,Medium Risk
23,34,11,6,8.315739259104525,7.023961425404268,4.019201869926765,Medium Risk
25,0,6,9,1.5031062248396876,5.570659326839172,6.465972838024704,Medium Risk
88,23,13,4,0.38591561938133845,8.529561136737488,3.5071850945425096,Medium Risk
59,35,0,5,8.788811459128521,3.150559693186544,2.7338391811377862,High Risk
40,5,1,4,3.149332274589325,5.236723999989852,5.77399267133091,High Risk
28,40,0,6,1.2897890792716526,4.853723712045505,9.33501876702435,Medium Risk
14,45,10,1,4.684612370870865,3.539058262568587,0.3498187351615356,Medium Risk
44,43,8,4,5.983060756960188,8.914550645563722,7.692312035414377,Medium Risk
64,30,8,9,0.30970603422510123,1.6587792466253548,7.227272780446271,Medium Risk
88,19,6,2,2.7489565825708775,1.4950863952069615,9.639534253882871,High Risk
70,23,9,8,0.3279987427689601,5.769095353227513,9.307112223325436,Medium Risk
8,24,2,5,4.20335389195499,6.57494229984942,7.622325620441929,Medium Risk
87,35,12,9,8.951000290662442,1.9461925432456517,5.204087646825987,Low Risk
0,20,14,2,9.826524114935692,3.907174422546241,2.0426755323351986,Medium Risk
7,29,4,6,6.370475535036276,9.465638429787438,5.452357183255744,Medium Risk
87,23,14,3,1.616376937845918,2.46617422690674,7.6535199391965385,Medium Risk
62,43,3,2,9.058493899993058,6.683607021173941,8.95669212637893,Medium Risk
10,41,6,7,5.162478232000605,7.401493936975908,7.8971200921054905,Medium Risk
80,29,13,3,1.537493121029181,4.481286994651596,1.9526693519105398,Medium Risk
7,21,8,0,9.217266694516614,9.37525986759583,5.996863142280594,Medium Risk
34,27,11,5,7.57469050723103,7.366567352187905,3.32173459531357,Medium Risk
34,6,1,9,7.317052727231515,4.579245798608978,0.09205667390642991,High Risk
32,34,12,0,7.091807037944047,5.69335201776094,2.0022093578866604,Medium Risk
4,27,7,4,2.0033982109644235,6.926134434251007,1.1322064993344927,Medium Risk
40,13,14,6,2.110066917075261,5.921901804292182,8.427191235394686,Medium Risk
27,9,8,5,6.88292998427255,8.786975838260759,2.58506252147812,Medium Risk
6,15,9,1,2.197227501103969,3.568886622804012,2.846979688875555,High Risk
72,15,13,3,4.3867169680304885,2.998857400558049,9.599365717988842,Medium Risk
71,30,9,1,7.820018255939414,2.138388894952643,3.7908672304885216,Medium Risk
11,41,8,0,7.839525180978409,0.37782968064595135,0.09585640144394558,High Risk
33,24,13,2,4.532617725258596,0.43013964380055336,2.8384614834613653,Medium Risk
32,12,9,2,7.921899382752451,8.700551931092829,1.1929958060181245,Medium Risk
47,5,13,6,8.386217961980568,6.783931464059073,1.0280856173585395,Medium Risk
22,43,6,0,6.547757512842603,6.605324154364861,0.7748729013574951,Medium Risk
61,8,14,8,2.2842585230842016,6.14642818934886,5.932594701753773,Medium Risk
87,44,8,5,2.740117803855475,8.49219144694105,1.8934772362985863,Medium Risk
36,35,8,3,3.1484115540873536,4.802669256656275,3.6124279404101047,Medium Risk
98,42,13,2,1.16804107733952,8.704108285583004,8.620177161300168,Medium Risk
43,19,2,2,2.731596203699451,3.5944502618223915,4.243381397962756,High Risk
85,17,3,1,2.095192243125321,9.267075043390905,9.156913500516376,Medium Risk
90,42,1,1,4.553287498086021,6.986569800812401,4.979380533956062,High Risk
34,20,9,9,9.084375478722649,2.5717713602442727,3.9883661483975574,Medium Risk
64,3,2,4,1.0448031675395808,5.640849216886251,7.503889270907016,High Risk
98,49,10,8,7.202679239473956,5.330305614882556,0.731750987680021,Low Risk
46,32,10,1,6.872830044131277,1.3789882173033396,0.8947838298241739,Medium Risk
77,26,4,1,0.9575419866335766,5.912429057506142,6.519737139229607,High Risk
2,6,4,5,9.225724049058,3.1478562371695795,4.869407132392483,Medium Risk
0,5,5,9,5.684722021568196,0.5234876680960243,7.904152503192102,Medium Risk
4,14,12,1,3.6372552113568424,9.486561577065649,9.162708373435315,Medium Risk
89,17,6,3,7.565385834953067,6.414903690642878,3.883668776715475,Medium Risk
13,31,6,5,2.5736545840163405,8.76918931870847,5.964100265846462,Medium Risk
26,10,0,4,6.935098370463204,6.760560050132531,5.006966277953099,High Risk
8,19,13,0,0.3971120757224722,3.569836921401129,9.816106556424328,Medium Risk
78,23,1,5,8.39408037609272,5.126880723288114,8.310844073565951,Medium Risk
14,14,11,0,4.481708470213185,6.7574676034717704,9.117377082773535,Medium Risk
89,47,8,2,6.3669291435794175,9.602523252014375,2.543400875776042,Medium Risk
41,6,9,9,2.212378198066837,2.536694591216965,7.7252642316259434,Medium Risk
76,20,1,4,6.770737126584479,8.749770586241176,2.6547322499764894,Medium Risk
50,41,5,9,7.722402758932766,9.240778052942694,2.087425334283899,Medium Risk
62,25,10,4,4.732131868843988,6.7041551465895655,9.442661596555508,Medium Risk
95,43,10,9,6.177269240617943,9.312666274013377,0.19304416717866646,Low Risk
51,13,0,5,4.563259238223986,3.978785874773685,9.653887036634297,High Risk
95,36,2,9,8.940913692578455,9.530161760404427,1.492618969888062,Medium Risk
3,20,1,7,4.978691805143192,7.027828771659749,8.194380817932682,Medium Risk
93,17,2,4,8.41808709028819,0.420057674188119,2.759225530681031,High Risk
22,4,4,0,8.013520582702485,9.068728318190528,3.507023274307274,High Risk
14,2,10,4,4.105048213483565,4.844728090331926,2.1675771132198496,Medium Risk
42,22,9,2,2.30084491857475,4.6032698477783285,5.855140424810797,Medium Risk
28,25,5,3,4.0608213255977095,5.6646660597963425,3.4809554750787406,Medium Risk
35,36,8,7,8.262173757752201,1.4938454677122792,6.573930394946633,Medium Risk
12,23,11,6,2.2763253581939233,4.691660485673986,0.15647317942065975,Medium Risk
31,48,10,4,5.244363458577493,8.311272167177457,0.6437488351503962,Medium Risk
70,18,14,1,8.060967479607475,0.15482459137515336,0.9966115273124865,Medium Risk
58,24,14,5,3.5347747512837877,2.7291716032437128,4.189936853102311,Medium Risk
85,20,9,5,6.422096370026974,0.0245458644384422,8.14796172659976,Medium Risk
27,11,11,9,2.4563157404881455,4.157113091498483,8.881779103783828,Medium Risk
65,40,11,9,1.0927944536815992,7.283155104937347,2.4481074006090076,Medium Risk
41,32,12,5,7.943842250928563,7.987718291146285,5.74369724239014,Medium Risk
44,49,3,8,0.9896862340870682,9.451897611270066,7.683649926926005,Medium Risk
61,3,6,7,2.7138139507958456,6.085046129707865,2.8882942991960867,Medium Risk
56,41,5,7,8.5510942199744,2.5462686665289547,4.090077367362732,Medium Risk
5,6,1,0,3.464692870786672,9.24147949136699,5.239742026857139,High Risk
27,21,9,4,9.73045349514161,7.753157538803761,1.348748464080477,Medium Risk
27,32,10,6,9.797343347738597,5.744284830031445,0.25982293725780314,Medium Risk
43,16,10,5,2.682760204535567,6.95640215718936,1.5280580931828325,Medium Risk
83,23,10,4,0.4097822224989045,9.243163550074291,6.268536212535334,Medium Risk
29,33,14,7,7.050632842053791,7.123940284729216,0.7361826153368167,Medium Risk
61,27,14,2,4.509865026483437,3.68374507584734,1.896963648501283,Medium Risk
74,42,7,5,1.0075284395957629,7.130282022890967,3.3785388569530372,Medium Risk
91,40,6,4,7.075228189780428,0.4027816273538787,0.7787006430636634,Medium Risk
88,38,14,7,0.31174909111921223,3.864155618305812,1.9169927116163443,Medium Risk
61,21,14,3,8.701966904922422,4.063230318455792,9.112697889835111,Medium Risk
96,48,6,7,1.3865252911330372,1.6683823442083467,0.1929913222698476,Medium Risk
0,16,13,9,1.27311878746725,0.23085480551770177,6.5343192417436216,Medium Risk
26,33,14,1,1.7567229796858452,1.3338123663774282,3.8440893091518493,Medium Risk
61,5,7,8,9.602663584920666,6.546214957970551,6.726487394323711,Medium Risk
76,45,11,8,6.93169360253846,8.022888163636875,5.886917203634045,Low Risk
2,5,11,9,8.013715354636368,9.882034927269741,2.234987543546443,Medium Risk
69,33,12,9,3.97634985732753,3.4636350310849426,8.472094875733886,Medium Risk
71,0,13,5,3.3631272750495556,5.993792222611018,4.919403826093567,Medium Risk
26,9,10,3,2.3448400678316994,9.37144966815122,8.225360189134717,Medium Risk
8,20,0,3,4.806480283124089,1.6704178133815262,4.060125361882192,High Risk
61,4,14,5,5.518287335341685,7.176455863427426,9.84685553915239,Medium Risk
36,1,12,4,6.317748436527554,7.549787331491632,7.704893585012963,Medium Risk
96,21,0,5,2.571185039986945,0.8897553586933837,9.659502051125735,High Risk
50,47,7,6,9.486540809029906,8.612493851830651,5.1432647890985885,Low Risk
43,1,3,6,1.6975849820713584,8.131050471108438,4.736911322907005,High Risk
23,9,4,8,9.656531747664124,0.33403006577434446,7.554538093252578,Medium Risk
78,33,7,7,0.14856122507503788,0.9108441488005148,8.802912630134301,Medium Risk
58,15,4,5,4.811256918168456,0.4912689389185232,9.64145795865558,High Risk
31,47,9,5,3.333678381165628,3.3474353179936225,3.2455190603249973,Medium Risk
95,38,3,4,4.491234139302508,5.092889906799262,7.9870457384263895,Medium Risk
87,21,11,0,5.70664578980789,5.323477279546288,2.1064559763553667,Medium Risk
51,11,5,8,4.35589158012709,2.6766675976944265,5.455743467454452,Medium Risk
61,23,12,8,4.14846850301595,9.115968865602742,1.7984814840919916,Medium Risk
57,46,14,8,7.327234154133065,3.682627898719132,3.473973617503389,Low Risk
51,39,11,7,6.8587627508646465,0.455501559653525,9.313583672064592,Medium Risk
11,37,4,9,8.332712820358479,3.0022711154138637,1.4609069977308609,Medium Risk
38,9,13,2,2.4995898123949556,5.311094225441555,6.324008951351965,Medium Risk
1,34,6,0,6.095285097540636,4.08221822588232,5.929542729274033,Medium Risk
2,48,13,7,5.851947853928539,2.738425190992592,1.2073835270898647,Medium Risk
55,31,9,6,3.6973781087268875,1.3132324976431742,3.2597904376881215,Medium Risk
80,6,6,4,4.860575419026809,8.191645000962298,5.629815045152657,Medium Risk
58,20,12,9,3.1378214330572876,9.961452421241919,1.8717860898849026,Medium Risk
1,19,3,6,1.418443976169852,3.295421335238821,8.006236564128153,High Risk
1,25,11,9,2.138012106627328,3.816210441766039,9.721565095347499,Medium Risk
91,3,12,3,1.0551364640120109,6.180375246769571,2.1475939996247204,Medium Risk
53,45,4,8,6.830695751901241,7.184414747355413,1.8691196479057592,Medium Risk
86,21,12,9,6.607273931091515,3.9202953480359124,4.549350717974447,Medium Risk
95,14,2,1,9.506063715798728,9.049295169818151,7.477652771400321,Medium Risk
96,39,14,8,7.296784136472413,5.600039892289184,2.816006102352514,Low Risk
0,20,3,8,0.5204583875613145,4.50390076405931,0.19879908697280402,High Risk
18,14,14,4,8.842451739289542,6.466727531599052,5.41220628032894,Medium Risk
1,21,13,0,8.626751629457258,9.528038482491732,9.566005677673076,Medium Risk
52,27,3,6,4.4332032077269865,7.945522944217055,3.912768554069456,Medium Risk
43,13,2,9,5.858630505279216,0.4001313053512434,4.201345541831004,High Risk
89,26,12,9,9.760783324725189,3.3230991073995964,9.68901717114038,Low Risk
31,40,9,3,5.323043638481662,4.705446849512227,6.9460761162672835,Medium Risk
69,39,4,8,9.053218283760899,3.145175722091053,7.191719228421252,Medium Risk
31,27,4,5,0.8303875781018644,7.001875608304565,5.627020053710677,High Risk
67,25,10,2,1.9105186870868285,8.262691498625811,9.746092108632416,Medium Risk
54,48,6,5,4.407549434413179,7.313450951852715,6.888664844255561,Medium Risk
74,1,3,9,5.847568083373047,9.893332868282753,8.950327516051695,Medium Risk
55,24,12,5,8.162278518628002,2.725476478930291,6.993788657332212,Medium Risk
16,2,3,4,9.882621151431868,8.749894950244215,7.3511582484039595,Medium Risk
37,7,8,1,3.888514964741164,7.666226651744862,2.9041092214224653,High Risk
23,43,5,9,0.47415636140084927,3.621787575581461,3.0347869801381897,Medium Risk
68,32,14,9,8.011715032953248,7.341245436569687,7.829846495760292,Low Risk
97,41,3,1,6.0438071908280815,1.0407595641824696,2.967062891698996,High Risk
69,34,1,6,1.9854285886820167,7.893334823405524,5.6277007080153165,Medium Risk
85,5,5,1,4.948284566214202,5.323306025871027,2.4935231090670196,High Risk
10,38,1,5,7.4231024553372436,2.9229017270925315,8.169833808090694,Medium Risk
15,22,4,4,7.704117870686438,6.557773017841802,1.1050135122769,Medium Risk
96,24,5,3,4.99618411998762,6.41619998714409,8.294466397616645,Medium Risk
72,49,3,6,3.0521453012885913,2.094862227195997,6.027298005076018,Medium Risk
58,42,13,7,9.737425820384935,0.30397414811526136,1.8690953482707728,Medium Risk
69,18,12,3,6.633626109564928,4.336225869016738,5.420353855061181,Medium Risk
79,4,2,0,4.082375193462987,5.695118693444212,2.8249883684734045,High Risk
92,10,6,0,2.804632242046524,8.766052783705984,3.234673347304966,High Risk
2,11,1,0,7.311029830035621,9.282167956475945,3.515280415968803,High Risk
19,9,12,0,2.421834455937677,5.288052181567664,0.6331924697232094,High Risk
58,7,10,4,1.7170998897368817,7.538034837685449,9.859616844014173,Medium Risk
35,23,13,3,5.298338889620703,4.393032723279969,0.31534628131224096,Medium Risk
18,27,5,8,2.8998739264414186,7.46082156572893,6.624968731842785,Medium Risk
89,40,12,2,6.28905144923615,2.0480152493916695,3.7122764775743056,Medium Risk
66,35,3,6,1.1793867487423348,3.710647348035314,6.46010290946699,Medium Risk
18,36,5,7,6.5494110456732155,6.3422799881361485,3.5624825308758377,Medium Risk
19,20,3,5,2.832965279977022,0.1815796560707883,6.737506462588588,High Risk
95,7,3,9,0.0024293443451273156,7.22461310338954,7.292355094683608,Medium Risk
70,8,14,0,1.2693605767417637,8.355355012681668,6.905526403996448,Medium Risk
51,46,3,7,9.33615377835094,3.991416610939514,1.1396198135815228,Medium Risk
32,14,8,9,8.673546391153579,4.479424171771643,6.5689323465468465,Medium Risk
39,47,6,2,2.336090320362368,8.51282212216531,2.799875494540973,Medium Risk
38,45,2,7,7.783719045454912,7.756546353260334,0.2880137056933352,Medium Risk
81,39,2,3,6.085715931739743,2.88149489033375,4.14830671888954,High Risk
0,17,5,7,9.709047114498695,3.2397610656153897,4.335431028038011,Medium Risk
10,41,5,0,3.736056595340591,6.788782323905966,4.671741333524465,Medium Risk
91,19,3,2,6.8146061251717125,5.631980924481612,7.048241653907162,High Risk
56,5,14,5,0.6353572242391858,1.6222957109649694,3.0884380914245915,High Risk
88,11,14,8,3.9624734681640597,3.0992990922916643,3.1528051310392256,Medium Risk
49,1,8,1,9.638176611881805,8.999832768786542,0.6055225624126059,Medium Risk
22,6,3,0,5.389808744501206,6.881744367222634,6.86821215992296,High Risk
30,15,8,9,2.878795033348446,9.859743176855195,5.67826091399584,Medium Risk
93,2,3,2,1.2027096312860686,7.670125299807694,3.494251126937881,High Risk
41,44,1,3,7.035283401815304,9.419744321435902,7.051889789173547,Medium Risk
98,2,1,4,6.448560434297268,2.161885738704754,5.373577492268772,High Risk
6,26,4,2,3.739387136037746,7.714848748169257,4.692449458705397,Medium Risk
15,49,3,9,9.509413518658343,0.2021752014779743,5.1132454366112645,Medium Risk
89,42,6,1,0.22202812987850318,6.707600217115339,6.3634812526705655,Medium Risk
59,39,13,1,3.037238516318258,4.6928227812024135,6.600026045745995,Medium Risk
1,37,10,6,9.210694862995814,3.4676007192006866,2.8895781914071716,Medium Risk
0,32,4,8,3.2093543831944036,8.62404352293089,1.4074336339115323,Medium Risk
47,27,5,9,2.522528338551704,8.542676926575307,1.5663418119051875,Medium Risk
11,0,9,1,5.3422040993124735,0.22301704898643582,6.393908859030017,High Risk
68,7,3,6,8.238017499205379,6.09505122449431,8.72873285767126,Medium Risk
36,36,12,6,1.0314676087836105,3.678322243209564,4.094962783455518,Medium Risk
31,31,11,6,9.430207096457362,4.156610015004492,1.6952016032946238,Medium Risk
8,47,1,2,7.95072881181164,8.320407392187759,7.566024982938546,Medium Risk
98,42,12,6,1.8125025555155194,3.098397715276783,8.324894744194486,Medium Risk
18,36,9,0,7.120079611981627,9.4304881063762,8.805824431209665,Medium Risk
47,3,8,9,3.8495872263755713,1.7963382637214076,6.068314289137332,Medium Risk
79,29,9,0,4.022946780763187,6.627224233681778,8.607285593880846,Medium Risk
2,5,14,4,7.832900924388664,6.721050670137647,0.15414958448407678,Medium Risk
19,45,6,1,9.627848079807322,2.521951614279182,1.0723580176952352,Medium Risk
23,18,3,8,1.2665587284719393,3.2475060896720196,0.9257606705209875,High Risk
53,31,2,6,4.206302368788194,8.347984925799404,7.12604684254733,Medium Risk
32,8,9,3,4.809416080843035,7.618052549549525,0.6958178354357902,Medium Risk
23,11,13,3,3.7631181695499762,3.2909588031475954,4.96364372466307,Medium Risk
74,10,14,1,3.6318912371622503,5.339565469349338,4.727068986362891,Medium Risk
71,45,2,4,0.5226866756159654,0.6168029625309546,3.1070352355824093,High Risk
35,15,8,3,6.855386205626233,2.0874588239862923,8.704051699420997,Medium Risk
37,0,4,0,4.362144171200454,4.858205588603991,1.70433201879996,High Risk
83,44,12,7,1.9479380264392676,0.8597373527921159,3.5246278439923984,Medium Risk
98,20,14,2,8.160335023020684,8.433323548919375,7.741715000229291,Medium Risk
88,29,2,5,8.025607481516278,7.180062101076478,0.30422314393284244,Medium Risk
98,12,14,3,4.8639162808889385,9.436336706484948,6.7295040024636865,Medium Risk
24,33,4,8,2.984506611477605,6.934669059640272,8.163977263615706,Medium Risk
92,3,1,6,6.380927257964524,9.404013722621855,9.322678388381672,Medium Risk
17,27,10,8,2.8815213577740306,5.5451255569096505,8.762966404914849,Medium Risk
81,37,3,9,2.3600793032371206,6.002186110619694,3.193841168336852,Medium Risk
65,30,9,2,7.305146540263267,9.769710546262608,5.863641413229526,Medium Risk
53,26,1,0,0.403252397209507,6.421291468642604,0.7729349315046585,High Risk
34,4,1,4,0.9476847103459396,0.307865688607466,2.578700035480086,High Risk
79,24,11,2,0.06788174023589777,7.238027766305233,0.9422237874750738,Medium Risk
60,2,7,5,1.5294318647542615,9.054686921374156,3.1518729015396385,Medium Risk
40,32,0,7,0.6899000871045946,7.955802497943266,8.75187213458729,Medium Risk
99,3,13,3,9.958023677799186,5.838332726254226,3.4716683967429263,Medium Risk
32,24,6,4,2.888099699540896,6.713035130935163,5.618981030014264,Medium Risk
67,19,4,4,1.4926801266924727,9.901917892516718,4.333808481149408,High Risk
32,33,14,3,2.4099625799591795,0.9066208850933832,4.589165242987353,Medium Risk
13,25,10,3,9.361255715401347,6.672448286332395,9.695720518365583,Medium Risk
20,4,7,3,5.201602230243957,2.8339769457059383,2.9615446826385794,High Risk
47,34,0,3,3.648180963078569,6.4009039658617,6.273244695231713,High Risk
19,27,10,3,8.733914579092193,6.076235758839388,4.200626695794471,Medium Risk
7,28,6,4,3.9499027054903246,1.5345683210816208,0.6114618104768621,High Risk
6,8,4,1,3.350085699576958,2.0674664574023915,4.89330831624236,High Risk
66,37,3,1,2.072825225497356,6.2162957804321355,8.133433290451084,High Risk
16,49,6,8,3.7779682390941147,1.2822994730377413,0.9875296868168837,Medium Risk
32,5,9,1,3.1668435601692604,2.6518087513032285,0.6959184739630897,High Risk
47,18,14,5,6.7730395929814105,8.352455477380024,1.5363152039326666,Medium Risk
75,43,1,1,2.895827046707271,3.270915060016386,7.644001113893061,High Risk
58,10,11,4,5.771997464225614,4.880601562696629,7.239953841447379,Medium Risk
85,1,14,3,0.658921650319727,9.411403351458404,5.650177689061105,Medium Risk
21,46,0,6,1.9128915669651436,2.271490888369463,4.682264040926324,High Risk
29,43,0,6,4.074052716113488,3.896260173580104,8.88325814702622,Medium Risk
37,43,10,5,9.369492539086954,6.064577755435456,7.666978238334825,Low Risk
50,8,11,9,3.7725198571569543,7.553389295039722,8.119422513018051,Medium Risk
53,20,0,4,6.640741211998341,9.016533867127052,8.132623013506542,Medium Risk
7,23,14,0,2.5508722242139816,9.154729875735152,6.42717154745558,Medium Risk
26,33,11,2,1.2703357597323173,7.76640074372623,4.580146243159459,Medium Risk
26,21,4,8,0.5853660008005013,2.283308365933104,8.646777525856503,Medium Risk
97,2,9,0,3.0541349854275133,0.24809330042565803,9.260074176032507,High Risk
20,11,6,4,1.5766102679690797,3.837739303556238,0.23806043258343013,High Risk
29,27,1,1,1.740104480161242,1.4154885098782333,0.515548732662513,High Risk
96,29,9,3,7.6075930838695,7.1038764743829805,9.587432969084373,Medium Risk
27,25,7,0,0.15838070944874216,6.611305868257168,2.771606138441948,High Risk
63,47,3,2,5.578101257354344,0.4397164162145484,8.733694396494187,Medium Risk
96,20,11,9,3.794613805934648,8.365937791309511,3.887951189614026,Medium Risk
68,27,2,6,5.065499999085472,2.4874326629118224,1.191000576093556,High Risk
60,25,9,9,5.628302372146029,4.322270754910422,0.8044320020933426,Medium Risk
47,32,10,2,3.133676944572782,6.679337354557424,1.5650789908045648,Medium Risk
18,20,7,3,2.951088601842853,4.294187868522533,2.498931948673647,High Risk
3,34,1,1,7.334018493349057,4.412878027999434,4.885183539308262,High Risk
34,33,10,2,8.712769881211571,0.6562799533574037,7.014979005657835,Medium Risk
63,40,10,8,1.9258163245852788,4.014435492600038,9.863985764853,Medium Risk
48,46,12,2,0.9761876053514895,7.6484789321998345,4.4150674328917106,Medium Risk
16,17,2,4,8.977958063920259,9.151763371865977,5.181849423431099,Medium Risk
43,10,11,1,3.4989546364739867,4.134971370633718,5.218157013832556,Medium Risk
91,22,2,3,5.5131739066281416,4.235858268790789,5.39434355487936,High Risk
29,47,9,6,3.5954314452000347,7.026271063236521,5.177406571044623,Medium Risk
92,21,10,6,1.2580233634605131,9.427720011052767,0.08774755061917827,Medium Risk
45,16,0,2,5.893316449477281,2.6706094023936022,0.01724822109840707,High Risk
5,4,5,4,5.251408517696296,4.401442065379369,0.9766631812612292,High Risk
98,43,1,0,2.029935591911972,7.959732435523011,1.0155660342917883,High Risk
36,10,0,9,4.518690446522778,6.096935693740385,7.048969089547961,Medium Risk
23,29,1,9,7.969475040156459,1.1058634396395473,2.0491603251599977,Medium Risk
92,14,11,9,5.904261031078914,6.277327355622657,8.947141047556128,Medium Risk
45,26,5,0,0.9691732706699485,1.867462845973269,9.286063295770195,High Risk
52,34,13,4,5.480214972291351,5.102159340784041,9.758933378958988,Medium Risk
94,32,3,9,7.027382992895869,5.2910326766043845,9.390813048870202,Medium Risk
98,19,5,8,7.927034057807514,8.762033622249849,2.7188832191852463,Medium Risk
59,15,11,0,6.291175786342667,4.624942740124381,5.097768447035125,Medium Risk
96,33,8,0,1.5265816454078374,2.794424222358942,1.75454970196941,High Risk
62,1,12,3,7.101732665901607,2.3096634821603157,8.06209655172433,Medium Risk
84,34,9,3,6.773418460815163,8.74251876684336,8.884317051440961,Medium Risk
31,39,11,1,0.2442688294063322,1.7101085441822839,8.51288839297515,Medium Risk
86,27,9,8,4.117476675902432,4.2586856088314375,4.333669486968349,Medium Risk
32,46,7,8,3.329502469623733,1.87173114926947,7.58673884686781,Medium Risk
66,38,0,1,6.694120642536435,7.733040401143754,0.9757916957626944,High Risk
17,5,12,8,2.161358123109207,4.74372639974619,0.4024477061925069,Medium Risk
24,8,7,5,5.9087192297425855,3.5114369055681207,7.532364143087609,Medium Risk
94,19,8,7,9.132059618141724,3.6109964062646682,4.253552743286837,Medium Risk
53,0,5,9,7.9780237220860775,8.522142067229794,9.955492647395692,Medium Risk
57,7,9,3,9.214577362165304,5.537739542944381,0.972542158555324,Medium Risk
66,22,14,1,9.7850596693269,7.178678511312636,8.556276815352337,Medium Risk
45,2,4,1,0.10670127006162766,8.970385162506846,4.7998306552899175,High Risk
23,3,5,8,6.227412763774776,9.01741676040642,8.27150195503877,Medium Risk
31,24,12,0,4.128393977589065,3.2850905433786313,8.171272821701448,Medium Risk
46,46,5,6,8.598544903351218,9.524512631463853,9.159920013620773,Low Risk
85,37,8,2,2.518147020091317,0.24875882014605444,2.9785001128610276,High Risk
22,14,3,2,9.810294891150761,3.768355610161657,9.497993534620031,Medium Risk
65,20,1,1,6.137079695437473,8.957988575088416,1.5166696035762028,High Risk
26,34,10,9,7.935374022288309,2.7463687981698293,0.8196877759349053,Medium Risk
1,45,10,5,0.8559955282276832,2.7308145032131836,4.316155173723492,Medium Risk
89,13,8,9,1.8345788475886504,3.026222850818887,8.283229686418426,Medium Risk
16,35,1,1,7.5840367303420315,6.123133848469222,4.734211306334456,High Risk
32,11,9,9,0.21986522039323608,4.383327756143538,8.292866775305141,Medium Risk
8,16,8,3,8.168779858937828,7.267348363533426,7.296868057943052,Medium Risk
42,38,1,9,0.13949018691911452,8.949106425646658,2.0942838613893358,Medium Risk
47,8,11,8,6.5711883906127335,6.741993749428606,9.488816248994638,Medium Risk
38,34,7,8,3.6509392023180585,2.044667201975755,0.6078116862940341,Medium Risk
92,12,8,5,6.1149485271919914,9.326819023605022,8.982797075437949,Medium Risk
41,14,11,3,6.960314069891137,2.644928733474785,3.04443448990374,Medium Risk
25,17,9,6,3.4247521918630417,1.4989429532815812,5.001480831643993,Medium Risk
98,32,8,0,1.0796244811083555,0.899672788609609,4.223518727007345,High Risk
49,5,9,3,0.6964586774826564,5.633837406661656,1.7183455691691618,High Risk
24,26,8,4,5.889360225625478,1.137624624806518,3.5814686640169313,Medium Risk
23,22,1,7,5.206553537341115,1.3877588411263075,1.9293443629279527,High Risk
12,26,3,1,7.422010091211325,3.0003048059549666,2.0388647546052385,High Risk
59,33,6,4,5.097355100039371,2.8165300968446383,1.8705683602638035,Medium Risk
6,45,11,5,4.224457900308791,6.042395103321423,4.8901738034659425,Medium Risk
56,37,1,4,3.9808717823623088,8.167452794726815,7.979313675113156,Medium Risk
35,13,0,8,0.26446902597667465,7.613496562028924,5.68970033761241,Medium Risk
44,35,2,9,3.3555720169665717,2.6248445471647672,8.932065885508418,Medium Risk
19,7,11,0,9.760201575244942,2.4531049798597993,6.365444885767242,Medium Risk
64,34,3,2,8.735555762270888,9.657915301069677,6.893401156326044,Medium Risk
7,18,7,1,3.293780670342177,0.08236241591960125,6.676072297270031,High Risk
15,29,5,2,5.877954050663722,8.797205330602157,4.4945919318374115,Medium Risk
13,13,10,9,8.47296745535494,1.9972851912240497,6.893388222000828,Medium Risk
75,19,1,8,4.412743367500687,9.472843230897679,0.6970774646896116,Medium Risk
86,48,14,8,0.1795786375015096,3.423072848275197,8.598514719156631,Medium Risk
14,24,8,9,0.7451046181864007,4.403517738932523,7.778121434439173,Medium Risk
91,39,13,1,5.103927213487066,7.0712061394438095,2.452299582316788,Medium Risk
97,23,1,2,9.694393756758783,5.876690514732603,7.6803245425408235,Medium Risk
65,13,12,3,6.932095422188677,3.179393297068228,0.12642601400018494,Medium Risk
31,25,14,8,0.7091619143856953,5.538309158678235,2.172465724808804,Medium Risk
86,37,11,2,1.8936087579186278,7.307068843628862,0.6513723867089594,Medium Risk
62,22,4,6,7.7132314321685005,0.42334945902492094,7.802269166178947,Medium Risk
85,21,11,2,8.414397599562447,0.11199305255704117,7.558741511783872,Medium Risk
50,47,3,6,6.176945861885908,4.580669390728913,8.136360238018307,Medium Risk
24,18,12,6,6.444231696298166,1.318366178035142,0.04481693325528835,Medium Risk
57,45,6,8,0.28337450383384644,6.643442914647144,5.01232726678408,Medium Risk
62,2,7,1,8.285302595815086,2.140524562274342,7.048361975173365,High Risk
61,41,4,5,7.882752081708296,4.328511067956709,1.5540112873901546,Medium Risk
21,18,9,8,2.5903514410334716,1.9767093687426895,6.497907275126247,Medium Risk
57,8,13,1,7.086767199655069,5.484835857491245,0.8411009930968572,Medium Risk
57,27,13,1,2.148546064249981,1.160534593845689,1.8132585610431318,High Risk
85,19,4,4,0.4033016105151299,0.2310685278748026,4.75796814994601,High Risk
48,44,1,9,2.0113654259037728,0.5113163810669719,6.53565152681102,Medium Risk
51,6,7,9,1.786288767542995,9.5425844151531,1.4586912695389609,Medium Risk
41,13,13,9,3.3774799673484726,1.4228621861093582,1.852233308309379,Medium Risk
69,8,1,7,4.184494971754581,7.084782531368353,2.04446367065663,High Risk
14,18,9,8,5.085388914977079,0.6792620422282625,2.3870080469897847,Medium Risk
53,46,11,1,4.767538755083281,1.0816035223518217,2.2655384852629123,Medium Risk
59,13,5,4,2.7067460596528936,5.088762514093347,3.951491084976367,High Risk
96,37,7,6,0.29170668574074465,4.648709301543437,6.537896508367229,Medium Risk
7,35,5,5,6.051016222371507,9.515803094398695,4.380317831344697,Medium Risk
52,39,3,5,3.957448298473544,9.448354530207373,7.759739087498882,Medium Risk
59,16,12,6,2.986721573875497,7.796086425424651,7.1926850594861484,Medium Risk
4,29,3,2,8.669410428305124,6.0210183012734975,1.2652691404907568,Medium Risk
67,8,5,2,7.467433077981598,4.549603173930111,0.4884162332074393,High Risk
5,32,13,9,8.577655483724422,3.5617853432842104,8.779415639996062,Low Risk
95,24,14,8,4.94982794712461,9.470875469755555,0.7983106656287342,Medium Risk
93,13,12,7,1.3093125212677748,6.029088114246855,1.4833918071971308,Medium Risk
46,10,3,4,6.962214361212724,5.790725276859945,0.2213327555811806,High Risk
98,34,7,5,2.0607377993717524,2.3190112176891486,6.283363652986537,Medium Risk
54,40,8,9,4.412296690917168,0.4669781788511307,5.823705631583485,Medium Risk
39,13,0,0,0.650007889488885,9.451885797595445,9.869036664352556,High Risk
51,29,12,9,8.253084024229825,3.1373525884465394,8.86932396317172,Low Risk
15,40,3,0,1.2594064104750058,4.425890233244587,4.108431774809097,High Risk
12,3,3,3,9.030975070493097,1.1463994358570684,3.71585840912535,High Risk
29,3,1,1,8.642306022615571,8.36924329909292,2.9685203427998506,High Risk
18,27,5,6,4.645827644392461,0.27631832855930627,1.5240692003788137,High Risk
16,7,2,1,7.443682043039907,8.339907620990965,1.3808365660200905,High Risk
62,1,6,9,6.194450738181533,1.402850127879668,1.3228370800960543,Medium Risk
18,40,12,1,8.030756423377449,8.865641126311521,1.1411475718677855,Medium Risk
91,45,10,4,4.31805100785912,7.297726373361574,2.405120424055369,Medium Risk
57,21,10,3,7.8580848424435,1.646702625073051,3.0666863031311644,Medium Risk
54,40,4,7,4.62456817065148,5.658179928594681,9.615789710389159,Medium Risk
89,15,3,3,9.409657878427938,3.1265631435521946,5.784732510018857,Medium Risk
89,28,4,5,4.863721008251476,1.7823309891158345,9.87595774513281,Medium Risk
61,48,7,4,4.626192719337295,8.591821994111084,3.7246694782567324,Medium Risk
22,47,2,1,7.850718615635127,4.035227665072294,4.5762663258944105,Medium Risk
8,29,13,7,8.21577691760838,3.985437143653825,3.2457865916527915,Medium Risk
11,11,6,1,5.544891143211707,1.6988667480662,1.8288765089655268,High Risk
0,34,14,8,1.797978134950754,3.830656760857787,1.4316470777757917,Medium Risk
57,10,13,8,4.677582309575795,8.716168463288502,9.45079197807832,Medium Risk
0,45,5,2,9.680725029096784,3.631287104896359,9.868106817987558,Medium Risk
33,49,11,3,7.529861930391851,9.51603562499788,0.4490949650873155,Medium Risk
95,20,0,7,8.111626038791321,9.463088992083875,1.5034587473176653,Medium Risk
47,20,12,8,0.3282549881924013,1.4489865930734602,4.235240923010226,Medium Risk
88,4,6,2,4.678594626341599,1.7731125352264487,1.8633347634440733,High Risk
0,47,13,4,6.466211336575554,8.626740703318891,3.638803936268833,Low Risk
15,19,12,7,8.300326836280746,3.927609189247192,1.2909634985963336,Medium Risk
60,36,6,2,0.4927365358277147,0.04373982283009337,4.565117567217902,High Risk
63,2,13,6,8.524388856418732,2.73871819705371,2.7169461616925927,Medium Risk
62,43,14,7,5.484009367419117,5.976289931955599,3.519050557586608,Low Risk
68,32,11,9,1.9731397057605993,7.99265965959968,0.9431265146274759,Medium Risk
21,8,0,2,3.172552164497,1.3338861709325955,4.2812805071014175,High Risk
92,8,8,1,2.8192955175156076,1.1054136441673534,9.832576109615697,High Risk
66,3,5,9,5.308590342884758,9.220926535723317,3.2883304688119033,Medium Risk
75,34,14,6,0.5168567991113182,7.511483678225827,8.764292748424351,Low Risk
25,16,11,8,1.5853615849992353,5.8977960077807845,8.431991416236851,Medium Risk
15,33,1,0,8.126930433757824,7.691867899959281,9.520584182972106,Medium Risk
50,23,4,2,1.3260399074681106,4.288543613066384,7.901095122670945,High Risk
85,31,12,4,2.3339626945812695,7.584557473091266,6.595968270588149,Medium Risk
56,0,10,2,4.533706056041574,3.7180299127453575,8.565844442274576,Medium Risk
28,7,3,0,5.171208881133305,2.4409457249260234,0.7564468065734964,High Risk
77,44,6,6,7.636104796141586,7.290134212929686,4.628306571988078,Medium Risk
91,22,7,6,4.473324266661878,4.196722921572683,9.892562386150589,Medium Risk
68,46,10,9,7.898646210355388,9.813771043261948,7.696001512947323,Low Risk
46,39,13,7,6.183463070454574,3.49485182308101,9.620753780372231,Low Risk
93,11,14,4,1.1309973942382245,9.217274205310659,7.7963435613347905,Medium Risk
61,11,10,9,1.5633143839283858,9.329625485670794,8.748819674421442,Medium Risk
68,45,0,4,4.370337254497708,2.4185294706474614,7.06529632303191,High Risk
75,46,4,4,3.968893930890396,7.982211815880134,7.605020044172398,Medium Risk
15,14,14,0,7.435442696372946,4.330745051445652,5.2317800983950065,Medium Risk
89,40,2,9,5.807371397973519,9.17524727230348,9.242377008141329,Medium Risk
89,18,0,4,3.881330810022493,4.5012427263523875,8.250389106233616,High Risk
47,25,11,5,1.7076028345038563,7.443037173373661,8.438849656656322,Medium Risk
84,28,2,0,2.2683710232549514,4.669674091637979,6.730091009630524,High Risk
38,21,13,6,5.75501018469059,2.2780075571285616,3.04579947087249,Medium Risk
99,39,5,0,4.234388048997925,1.993501289446863,0.3562979539013933,High Risk
32,20,13,1,5.1492750886067205,4.254311942563456,9.356551294095446,Medium Risk
93,37,6,1,1.7067743530223367,7.55494657014215,5.861203488054969,Medium Risk
22,19,7,4,6.629062523445658,6.050714851807668,2.9814297114814026,Medium Risk
9,28,12,9,8.52538740855967,6.886292899005433,1.491351078475378,Low Risk
68,3,10,6,2.579395067869006,2.8232635073194245,8.295231655007546,Medium Risk
99,6,3,0,4.915142258318266,4.814353459576055,8.365201944475789,High Risk
33,27,2,9,9.755273290209018,0.44395264969327,8.145079681305315,Medium Risk
51,27,4,0,3.332417405507276,8.175324159581207,6.450826919667863,High Risk
94,3,8,0,5.950463449237612,9.898921622398746,3.660153875918759,Medium Risk
9,21,12,5,0.9019570020024437,4.068790626246709,3.04070284780257,Medium Risk
18,11,5,1,6.0601500247944315,0.1096365313154335,0.08554770118170185,High Risk
57,44,14,0,0.8963177330461791,1.6979263955094737,8.336075586882403,Medium Risk
95,2,8,5,9.592354353238221,6.525268777504189,0.8743269749364246,Medium Risk
0,21,14,1,7.156626520723114,6.120793182038592,6.307549980407677,Medium Risk
68,43,5,5,7.881597881357064,7.878647195855439,5.040749468400883,Medium Risk
3,1,1,9,7.041043607716368,2.538840109610682,5.266893589263511,Medium Risk
15,23,12,7,5.897290360764657,7.636319155471341,9.267128453077733,Low Risk
23,33,4,1,4.499127810855054,6.8798402152366975,0.3161501127124211,High Risk
79,26,11,8,8.583733797610623,3.2281449771384327,7.733922246287723,Medium Risk
1,40,10,7,9.56835667543063,5.45488148056962,0.5205239836730713,Medium Risk
91,0,8,9,4.9903617290408135,1.4727380849832672,0.381536059353772,Medium Risk
31,7,7,0,9.31535049155262,4.5256450343558265,4.298176981413819,High Risk
90,22,6,6,5.833329099885175,8.811973395556409,0.6307517434296672,Medium Risk
83,37,0,9,5.383841868964332,4.211913798253908,7.891439512929121,Medium Risk
23,5,3,5,4.544827329553566,8.39566706475422,5.295630936483372,Medium Risk
11,21,11,5,2.0928776153011985,5.902533652596944,0.2903878265977444,Medium Risk
49,24,6,5,0.037196608180591895,1.9187671310235677,0.4050068648191951,High Risk
34,17,10,5,2.4150622685606127,5.811062446978964,6.126685297394793,Medium Risk
32,16,6,9,5.097231716035652,5.0598332915706346,8.06111817658405,Medium Risk
32,11,14,6,3.7995995225975254,3.98641335196384,4.377995312747736,Medium Risk
60,5,5,2,4.484852280026338,1.1963043951607033,5.545806715356244,High Risk
50,25,7,5,9.806482195640495,4.167086638472298,7.998294540499016,Medium Risk
42,26,10,2,3.502723706693276,0.7276237623962711,6.105061740418192,High Risk
11,7,12,6,4.521829393601079,0.9876905139875125,2.247602376588195,Medium Risk
66,18,5,6,1.3351555135281956,4.15916532932716,6.130520258694786,Medium Risk
64,41,9,7,0.47957732436987643,3.053814819684637,6.282794590652135,Medium Risk
32,0,2,1,7.754095145924946,9.255443258622234,7.341069808811267,Medium Risk
39,28,3,8,5.706831750719786,3.757058053802705,6.208741875568013,Medium Risk
73,44,13,4,7.6070480604389505,7.578581220721001,9.69242130458038,Low Risk
42,48,2,8,1.4986279888655163,5.302475263662427,1.9728830871706848,Medium Risk
43,34,0,9,5.7182877118269095,7.040856686423354,9.510906795670763,Medium Risk
28,39,14,4,2.5364247434137557,2.6011598301539918,5.383394903500163,Medium Risk
12,13,9,6,2.280618169000199,9.41904972838329,6.71956140494912,Medium Risk
11,34,4,8,0.11526014052985256,5.3008849691442395,0.9946159745218985,Medium Risk
94,47,14,3,1.303407235690719,8.313240712852497,3.80575941378107,Medium Risk
45,44,0,1,3.0926811149969535,3.650456934761135,7.693791464631726,High Risk
1,19,0,8,1.1687876059093905,1.0021134905052453,7.0691101509899035,High Risk
34,48,1,1,9.858584404109376,6.737116477208488,0.40139388165410184,Medium Risk
86,12,12,2,3.086326485239507,0.07759648337424485,5.465942634972446,Medium Risk
80,37,3,9,1.3032394670232816,4.752929765655082,0.8827819296840944,Medium Risk
89,48,5,1,1.9908231282795774,1.9280190266645925,9.958564291781624,Medium Risk
7,45,7,2,5.877032283414765,6.273755044353622,8.972965885332947,Medium Risk
92,48,12,5,0.6404352386478851,9.794198731378522,0.21080660428536957,Medium Risk
25,7,2,2,8.624341301411569,4.644029063206459,8.586495789026309,High Risk
73,42,0,9,9.614996792371473,8.174982565256666,9.194296005584077,Medium Risk
89,19,2,7,2.467474206673809,5.077841869511211,3.535482225634551,High Risk
33,32,11,5,4.500952685908594,4.958400311040241,7.195016550477659,Medium Risk
6,25,2,6,0.2213445102949707,9.304234931787779,4.4210374620777895,Medium Risk
67,38,4,0,6.407102247272215,8.899658687466815,6.552324845763441,Medium Risk
57,20,10,2,4.139260580525889,7.858004651879744,3.403174042981915,Medium Risk
74,48,11,2,2.700584661015557,2.962557533167841,3.2255923663326835,Medium Risk
28,41,11,1,2.0683711061660848,5.450084157239406,4.244338888575791,Medium Risk
35,42,3,6,6.540230776587604,2.23897233305685,1.4556775865250116,Medium Risk
88,40,12,8,4.162170310323145,4.439166980465398,8.311389644353826,Medium Risk
20,8,3,3,1.7965928902991202,4.842130657597906,3.4869789536163665,High Risk
35,23,8,4,6.891090814868241,8.31640040169331,4.0014955390584515,Medium Risk
9,36,6,2,5.650722830366936,8.960283653249931,8.940546127021445,Medium Risk
72,48,3,8,8.586720549294961,4.146200623964779,4.966238140631713,Medium Risk
23,40,2,3,1.174758988764929,0.17704445073237207,5.442539093508629,High Risk
63,16,5,4,7.856666019444561,8.617738397893547,9.564981247770985,Medium Risk
98,23,2,0,6.73516786817259,1.742786785013607,8.867263831449891,High Risk
48,20,5,1,1.1501093682809782,6.218819638903935,1.694667088884395,High Risk
98,38,10,8,6.948207298717207,0.24970900434131194,4.7321502991810505,Medium Risk
35,40,12,1,4.415472888798304,3.995064752605643,9.712962274285456,Medium Risk
81,38,10,4,9.449847855558431,9.859603021153498,3.7236629822860268,Medium Risk
95,12,12,7,1.4161135061789931,1.006936011038031,3.715731085162001,Medium Risk
23,10,12,2,6.42833390815738,4.236931519996423,1.9503023178915435,Medium Risk
22,45,11,5,3.8198004546294593,3.0714995018995217,1.1432311411912521,Medium Risk
61,18,8,3,9.568146705908777,9.050881233882643,7.4030479075598175,Medium Risk
95,10,5,6,3.299748952902765,8.693401079073551,7.700304687015165,Medium Risk
36,12,11,9,9.621859094918001,2.3769876030622883,9.690129635029999,Medium Risk
11,45,3,2,9.01485851100749,0.8118778705043117,7.73418210905363,Medium Risk
54,44,14,5,2.7038323531065633,6.271383940611175,2.433524940335987,Medium Risk
12,0,4,9,8.035417768264278,3.3636871188370976,0.4011657828851545,Medium Risk
22,39,12,8,9.95604201803506,6.72084390606063,9.854373843696603,Low Risk
88,43,5,9,2.5266300217128235,0.32119756067814476,3.4045069554360574,Medium Risk
98,18,10,0,4.3677716932331965,1.3339923517748942,3.1197154243242076,High Risk
29,11,2,2,5.201807365667596,6.863722327726434,9.059552097493825,High Risk
16,7,7,1,2.949311358038643,2.1237065530249777,5.850998985449861,High Risk
61,7,3,7,0.1526483964602976,8.575876757624016,2.148711738491346,High Risk
83,44,7,6,2.2012924419752666,0.5859088771013543,8.890962427162396,Medium Risk
88,11,9,1,2.8193688434175845,2.1548198278557464,9.933608550547433,High Risk
85,47,9,5,4.435997013181872,9.985602484850686,0.8667856115083072,Medium Risk
12,32,2,2,1.7110247841340187,4.330761025867926,8.622516283024872,High Risk
58,44,9,7,8.732543566916727,7.029656635446435,3.90515697684394,Low Risk
18,25,6,9,7.049111327313361,1.8266304885701368,5.240724465067044,Medium Risk
48,38,10,2,0.8520047755966198,6.0986873498553775,9.148159757649807,Medium Risk
99,27,12,9,6.500924511399314,7.2610606836941844,9.733791957751173,Low Risk
11,4,11,8,6.536564764056204,3.1447663586651053,2.621639104087994,Medium Risk
60,7,8,0,9.562211736436277,8.288971119758777,2.1285077095991376,Medium Risk
18,24,3,4,0.030208713561612477,6.034175784722833,0.8051655859151186,High Risk
75,26,7,2,2.479324498058072,3.891230096150302,5.61797852662138,High Risk
8,45,2,5,9.277914793753155,5.5764239334315855,0.13604395450668272,Medium Risk
70,22,6,9,9.32133915398283,5.767608474359243,4.118982976099366,Medium Risk
27,29,2,1,7.205864193706374,1.6553529269386602,0.7338401665200855,High Risk
77,44,11,8,7.6576332104753995,4.027323698669662,4.05225782929334,Medium Risk
94,46,14,5,0.9148295792964711,3.4343058801949313,0.39932189265609264,Medium Risk
51,22,14,6,5.138758347782336,4.009027225791261,8.352172606087688,Medium Risk
82,48,6,4,2.3158299128899937,7.611105884852579,2.0973899393856588,Medium Risk
15,46,13,8,1.8121804361361726,4.825384074666727,3.2830871035791196,Medium Risk
68,19,10,0,8.103032991233325,9.403161532392643,8.700479966063918,Medium Risk
98,17,9,4,1.3503813668054743,2.936764133584362,7.4626606133220506,Medium Risk
11,17,9,9,4.686516369963853,4.15703578284929,2.1903836164205845,Medium Risk
24,1,10,5,9.38578239586033,7.869568104790414,0.7189941865749605,Medium Risk
51,3,10,6,1.8583205556534255,5.460245933207503,7.156737768553395,Medium Risk
84,29,5,3,9.779934237382346,5.4702814642444775,3.9070255068810935,Medium Risk
99,32,1,0,9.94287985761059,0.5334016300518352,7.660799991182213,High Risk
52,35,10,7,5.556171546824029,3.985996627184558,4.4529477237521045,Medium Risk
22,17,2,9,1.7014274017715791,2.707337324217325,3.460024129722764,High Risk
15,36,5,3,3.1610488794089564,9.993351228311154,4.512054082123965,Medium Risk
56,18,13,2,4.2449283267653515,3.083550706323103,7.485589856706767,Medium Risk
38,46,3,6,3.093242243582229,8.844965347938635,9.022202865403742,Medium Risk
52,27,5,1,2.806355798765158,6.762337350404774,0.49767196588575535,High Risk
41,39,0,7,9.722297092163576,3.4091640919209043,5.241115412269552,Medium Risk
57,19,9,5,1.5336482741574564,5.435343783741237,0.328354290838776,Medium Risk
38,48,11,6,7.333279087168623,8.405358799491937,4.684095450243587,Low Risk
13,32,0,4,0.004102894391748713,8.833682980309119,8.852828290969004,High Risk
94,11,2,8,5.9618266940237685,1.6039387500614521,3.6159026642030967,High Risk
4,14,7,4,9.159430039540524,3.3957314120816964,9.324504210806433,Medium Risk
34,40,7,4,2.87934094093219,3.3522318021357167,6.306084716506094,Medium Risk
86,38,10,2,1.855259752577192,0.4204479607594469,9.341553437930063,Medium Risk
92,1,3,0,6.516797948784269,5.9823775985189656,7.571666254125197,High Risk
74,28,5,1,7.126014072983931,8.54820052992188,1.034351666487623,Medium Risk
17,40,14,7,6.880305189519813,3.815743878255178,2.3115136756267707,Medium Risk
75,9,7,0,3.1931688002137406,7.40035944984177,3.941704545835062,High Risk
8,1,6,6,2.5220240215933085,6.277004136007399,1.7010688201207602,High Risk
73,10,10,4,9.559187999620441,3.756487354930008,4.949116047766605,Medium Risk
57,12,6,2,9.232995082699295,1.4105979949229708,4.713681557014906,High Risk
16,9,12,6,4.573166098928203,7.093238527759674,9.562591980273812,Medium Risk
6,13,3,8,8.461938661543734,8.545651689412404,4.337278828959778,Medium Risk
45,17,8,1,4.52323477634296,6.858544924014919,7.856268042879978,Medium Risk
12,8,11,7,4.243890180725104,0.17878484034818065,9.419105448514799,Medium Risk
39,38,9,8,1.5676294759929466,2.1623289439099125,8.769888309739855,Medium Risk
41,27,5,2,4.2640605649197285,0.6947998488353191,2.0866762451159184,High Risk
8,2,13,1,5.37416938599807,5.703860995762268,4.9602989425354425,Medium Risk
49,19,11,6,0.22504327428686466,7.564776788404124,3.477397822959257,Medium Risk
26,5,10,4,4.441130051754064,1.1057918706865943,3.998586951372155,High Risk
65,26,2,4,7.813562183952003,8.383378205933852,3.608068262457512,Medium Risk
4,1,4,9,6.800460563742698,5.555089783954832,8.263592101750042,Medium Risk
28,28,4,4,6.35156988863935,6.899690121417249,4.521390551224474,Medium Risk
36,37,13,3,9.095554284372025,9.714018486086463,5.236943322446882,Low Risk
37,2,4,4,0.1803200982523001,0.8368098824769732,9.824473570470747,High Risk
82,15,7,3,5.570475861922342,9.012240229777893,0.5997927219151644,Medium Risk
7,29,8,5,7.873488484097071,1.261026959874093,4.879576397907488,Medium Risk
64,39,12,3,5.413353827012672,3.9295880663668226,7.740617069461161,Medium Risk
85,1,8,1,3.2389555258037914,8.514386963311143,1.5116195818822653,High Risk
16,16,12,8,1.3625056509197786,9.062542367378683,6.115315946147739,Medium Risk
70,40,5,1,8.875630718161913,5.063716735451454,2.3946477953446674,Medium Risk
88,11,5,8,4.70762392387603,5.9410463827542515,8.674041132245677,Medium Risk
44,34,8,9,8.781151969857014,7.081473345985572,3.270996654000793,Medium Risk
3,42,3,5,5.8585212243316835,8.327586684527141,3.2906281690090955,Medium Risk
35,0,5,8,6.741921166150008,1.2151116953766616,5.981938785178935,Medium Risk
69,44,3,8,8.042611543784501,8.100693082292276,1.8356290811990872,Medium Risk
30,14,10,2,6.591555446001344,4.812761505116168,2.8488863890306106,Medium Risk
18,25,0,0,3.980548406789377,4.50623425108169,4.166318501194115,High Risk
60,36,6,0,5.13633383928651,4.238997519969983,3.536378631401104,High Risk
53,20,13,2,8.030455246758798,5.0921158524604255,5.248772180055824,Medium Risk
38,48,9,4,3.736502963729842,9.450505533946036,5.996401440689663,Medium Risk
90,30,10,2,3.881214567684971,5.482037727921516,5.666674537501645,Medium Risk
73,24,11,8,0.9569011605800115,9.531775382631393,6.541683119919322,Medium Risk
89,22,5,8,9.145844352217477,1.8029013061564059,3.0774951660782026,Medium Risk
18,23,8,2,0.9103631494544173,7.241359788326331,1.2642622715502805,High Risk
38,37,6,2,6.482091774485559,8.122395386087472,7.608075414310771,Medium Risk
66,27,12,4,4.131944788027977,6.791288313348619,8.50780382630682,Medium Risk
44,20,6,1,4.056193902554424,6.069222802265404,2.5700623222243224,High Risk
12,42,1,5,6.795518365726839,5.648127810861823,4.070919561580197,Medium Risk
91,17,11,6,0.6709373262987872,8.60930482578696,4.985692169635553,Medium Risk
57,35,10,8,5.937057829514346,8.216465971645,5.333268427529364,Medium Risk
19,34,14,5,7.720317859723548,1.2228872118059952,6.594901710876519,Medium Risk
91,44,8,2,8.282127578865943,8.48587657030878,0.41603233355321345,Medium Risk
71,8,9,4,1.705303893937753,4.140686194404425,7.21477082734017,Medium Risk
60,37,8,3,8.974190500781736,2.536968299958108,0.6197100697941027,Medium Risk
38,29,5,4,6.561460918474422,8.697685680139259,4.682885676728679,Medium Risk
0,43,12,7,8.818548008206829,4.320247996337416,8.27671135569194,Low Risk
2,33,2,7,4.852807171101983,8.083646901768166,4.512153132783963,Medium Risk
76,31,0,5,5.42033345097202,2.634036119558445,1.4908974876824777,High Risk
91,2,3,0,9.19038277028671,0.03929321422217802,9.850338450059597,High Risk
61,2,13,7,8.999095433546717,4.954591929029444,8.892854620742632,Medium Risk
62,27,13,7,4.48160873369002,1.0022825664288426,7.71313633225014,Medium Risk
24,43,2,1,2.7441263163568177,7.543759555249096,4.115116028992104,High Risk
55,14,13,3,3.9317043456426415,2.760751360694104,1.838457268892978,Medium Risk
32,40,11,1,3.8776432852974976,4.436456466034787,9.414111814185013,Medium Risk
37,22,0,3,2.8686687498279397,0.8703356509155424,5.3235112651713905,High Risk
5,39,2,9,2.685796043329666,2.866592484472527,8.523554603874851,Medium Risk
57,10,13,6,8.610629364797195,7.81490243258572,3.4209500575942577,Medium Risk
43,47,13,8,0.6986192068466168,1.5158791190231946,3.3528831707947058,Medium Risk
44,31,3,7,6.776111820995942,6.471595611269574,9.855404806740392,Medium Risk
31,35,12,8,1.728200514564523,9.174258528045012,5.218330484948498,Medium Risk
44,32,12,7,3.4450589339406323,6.798367597577203,1.406954238607463,Medium Risk
60,23,14,1,0.6154303413483686,8.110216892922269,2.196746779947074,Medium Risk
46,38,13,6,2.6997363685546203,1.089716293039158,4.819442793927208,Medium Risk
20,33,7,1,7.684210711172421,2.5073182600205444,0.4247091048841134,Medium Risk
79,27,8,1,8.850153245472587,8.94538852240591,4.625339853783005,Medium Risk
84,36,2,3,2.2152715190236707,7.151056136180892,4.189408420801276,High Risk
74,6,5,0,4.635478392589219,6.395538263773112,7.79336265319487,High Risk
35,3,9,4,4.703240479372064,6.637667361217,3.5494196448924176,Medium Risk
98,36,10,5,8.735753057597343,4.142005543046434,9.825487615395993,Medium Risk
18,0,14,8,7.627990528758054,0.4455663161765322,1.8076991930090314,Medium Risk
19,0,4,9,5.130772183680499,7.84441542070729,5.9098668496813485,Medium Risk
56,46,5,7,6.707472004717734,6.787132362153539,0.8969929700825463,Medium Risk
17,19,3,1,8.473550539093669,4.728044641127247,7.33863983993982,High Risk
46,18,9,0,0.09538954025544943,8.997596153682574,9.947536880619715,Medium Risk
48,28,5,1,4.028900310500486,3.3615966498509886,8.191386377516322,High Risk
13,9,6,6,9.072431672770787,2.943217442312359,5.557035407203013,Medium Risk
14,17,8,3,7.403130308439514,8.727963250794428,4.847413573996921,Medium Risk
30,27,9,9,5.428413743340746,7.9698765475898545,8.350299612668469,Low Risk
0,34,6,4,5.2964452703513345,5.1497981064834475,9.359740847107243,Medium Risk
53,42,5,6,3.477700976044378,1.3073473945784997,9.89206525798093,Medium Risk
2,46,0,2,5.205205336415145,2.1507147146505243,3.965392275644841,High Risk
15,30,1,9,6.553831994634533,6.562279904088067,9.909174747945123,Medium Risk
86,26,0,1,4.18363038428793,3.8504123784041164,1.559262521738315,High Risk
56,10,8,6,7.14153146392174,8.364731916659712,2.535497759319092,Medium Risk
74,48,9,4,8.612322272603858,9.499550093322041,0.890161247338962,Medium Risk
11,48,9,0,1.5468484818486117,8.056369252749182,2.7173851648448166,Medium Risk
73,37,8,0,4.5154702281742445,3.775454229955572,7.679375516180111,Medium Risk
95,4,6,8,4.080200912850811,7.8868642923142405,8.529243581784497,Medium Risk
15,7,12,4,6.874648040497281,3.5144167347068347,7.788926451025717,Medium Risk
71,33,1,0,2.4986746525792936,1.671000877656339,6.310657781676962,High Risk
75,47,5,6,6.402509149522762,0.33393204865857395,5.139665125226456,Medium Risk
23,11,10,8,8.77489241731488,3.8571671276102,7.0870428921364645,Medium Risk
27,37,3,0,4.181315997936227,9.035593036972818,3.908335492672218,High Risk
7,0,0,9,9.110156999792201,2.389865877556765,8.413083514997018,Medium Risk
91,30,0,3,9.931637389334785,2.06513164929784,6.771900939767854,Medium Risk
35,3,11,2,1.0609204994795207,9.698207852410404,6.978046984944085,Medium Risk
89,48,4,4,2.3305318798485866,0.2500411285059212,5.3593599312907125,Medium Risk
7,44,11,6,9.503797514820931,7.857821503937544,8.852289842111725,Low Risk
57,49,1,7,9.583276864813868,3.2136995574087033,2.520147336790525,Medium Risk
59,4,3,1,0.977072753867585,0.37487956869659333,3.811476533610507,High Risk
49,29,0,6,0.1499850037713668,9.178025402095836,7.776425696776891,Medium Risk
27,23,3,0,1.6110002325642225,1.396423302095836,4.927488961293377,High Risk
91,2,10,6,9.960127833822483,5.517792837256954,8.892140134241908,Medium Risk
40,10,5,7,1.7999961661068686,2.740542074295478,3.463993197628523,High Risk
99,44,9,1,5.025476067220231,0.6519280218469103,3.6933016881964473,Medium Risk
63,3,3,8,8.48417726430511,0.4992248566337909,8.887357893866254,Medium Risk
26,25,0,0,0.2040161068820634,1.155566988363388,4.6437032018204105,High Risk
62,26,6,5,6.044889822584595,0.7136701388938005,5.161245842024868,Medium Risk
16,45,13,0,2.770254488696243,7.605581155199229,3.327637153356794,Medium Risk
72,42,1,2,8.623349164397316,4.8556620228342915,2.766699421790819,Medium Risk
32,26,8,5,2.834611492640792,3.428920913489797,6.55948710838392,Medium Risk
83,41,12,2,6.867557202819089,4.183689101320072,1.1984066154120387,Medium Risk
76,49,2,7,6.742196324473969,9.289467355726233,8.792726411829094,Medium Risk
91,5,7,4,2.2149354885964003,9.107518127381471,7.792031367651079,Medium Risk
28,14,12,1,0.34799199868350117,7.156764801225769,1.9074826370580278,High Risk
12,29,7,3,4.092495737853973,8.846823774216878,6.940199458245654,Medium Risk
45,41,2,8,2.891931519658697,3.196480275876248,6.026329212856348,Medium Risk
34,36,3,3,8.089777496137087,3.8110932600828287,1.8453505073664411,Medium Risk
5,36,1,9,8.003641884553453,6.137121818542281,2.7320350605023247,Medium Risk
81,41,3,9,4.570239521926255,6.236259472972642,4.089865037338344,Medium Risk
68,36,10,7,6.06512225323219,4.81699838012341,6.9924273524547385,Medium Risk
46,34,10,4,6.0425951598692516,4.006578484379533,6.387234088170059,Medium Risk
24,22,10,9,8.271581484276233,9.861803116086952,5.3223484767669795,Low Risk
65,5,13,0,4.250024141231975,8.211236261177245,7.684105431140342,Medium Risk
9,3,8,6,2.7544667979050907,4.349801978880452,7.579377396061659,Medium Risk
55,17,1,2,2.650349181405475,7.272924772395685,6.178591540622559,High Risk
29,8,11,9,5.361922792822042,2.6956169325245947,7.869900833848252,Medium Risk
4,48,11,7,4.491482027322125,1.0016932623732988,3.342633747792092,Medium Risk
32,28,12,2,4.401207709849362,3.524310255527406,8.812495283226056,Medium Risk
64,12,2,0,0.9113733908970723,4.029728001233942,6.149100858019407,High Risk
17,46,14,4,7.186037406901956,0.16537124560670802,8.223635138124305,Medium Risk
95,16,10,1,2.137366879819107,8.14792001635896,5.46279104790284,Medium Risk
48,44,10,3,1.9695363020872136,3.591934023891815,2.1843824498868036,Medium Risk
10,31,14,0,4.127583202773934,5.80418165780147,5.4241012867830865,Medium Risk
84,47,3,8,2.277783416178014,0.7396318727095597,3.711116637765881,Medium Risk
25,21,4,5,5.838582673080154,1.7499682875058398,6.9749903603709456,Medium Risk
62,3,0,7,3.714633393344715,8.896937253275599,4.757937917347358,High Risk
88,4,6,3,4.489117225927901,6.086875278828008,8.361128049276877,Medium Risk
85,36,13,8,5.371693216040288,9.502840501704856,6.780725123219167,Low Risk
58,40,9,1,2.0353552248180486,9.987500343913169,6.8454443303132395,Medium Risk
26,48,6,8,1.557516228655298,3.718601153330944,2.1715533349106497,Medium Risk
48,12,8,4,8.804219028736048,2.988030640832746,9.842497664912903,Medium Risk
76,33,3,5,4.3372370283142105,8.583560551590967,8.416752092714887,Medium Risk
32,44,13,2,4.120936096325392,9.986114270374543,7.890048845606946,Low Risk
97,21,13,3,0.3561215027284148,6.296412342324573,3.3021522516002744,Medium Risk
98,22,5,5,4.9797630258739325,7.951407225115224,5.356316528472319,Medium Risk
0,2,10,6,5.541697216110001,7.8174585881527445,1.3710318807432864,Medium Risk
20,41,1,0,5.588408709546665,3.5533970821954695,5.3847597666270595,High Risk
54,33,11,6,7.0703116932288435,5.7427038025708725,1.4588924648328727,Medium Risk
5,31,11,0,1.7748183499101178,8.330569412642136,5.530378439896012,Medium Risk
91,44,13,4,2.5222313423061884,6.881138762610554,6.487218801549056,Medium Risk
80,48,3,5,8.107304652304126,0.2116381398203826,3.9019596724990233,Medium Risk
68,20,1,1,9.47170616843394,3.3670566889753353,4.985448783312933,High Risk
94,45,9,9,1.3593274736732064,1.4447569659460535,8.75653387674586,Medium Risk
4,43,4,8,4.976495545052182,2.329722120780391,1.0856314470280937,Medium Risk
2,20,14,9,2.1417625273958683,9.054894774913256,7.917328929996529,Low Risk
52,43,6,5,0.6007316835498244,0.3689328891076815,1.707545509961964,High Risk
22,10,12,6,3.255033381261354,2.1980071196192377,0.3670798280462839,Medium Risk
52,38,0,9,1.4368762518421274,3.0956935223823145,1.8557460274504778,High Risk
36,3,14,7,7.0993307343424625,6.168840719663948,7.650431899704897,Medium Risk
73,0,9,9,5.337254136714444,5.341016900858655,4.051260733368601,Medium Risk
73,27,9,0,1.4383447099031088,2.1826948285338608,8.72520516846182,High Risk
82,23,6,7,0.09241588405514367,1.6424106722315446,5.247075411822658,Medium Risk
16,34,9,3,8.081570490242127,2.367980345961188,0.22250351926330958,Medium Risk
84,12,12,9,1.7619440616424753,5.0252962670165555,7.167136096019267,Medium Risk
77,46,5,7,6.06216642220766,2.7117778571120343,1.102329087212327,Medium Risk
72,33,5,5,3.3692191307674557,9.476025016077221,7.893796334619244,Medium Risk
0,10,11,8,5.854859383150356,4.638652214288475,1.6810254980518002,Medium Risk
50,35,7,3,3.15653626982324,0.5879601654463706,3.4544638580551346,High Risk
44,16,7,1,0.8693956069225417,7.292664058366334,7.612714296253603,High Risk
76,34,5,1,2.229500085577536,3.288452882089896,9.542313574764217,Medium Risk
3,17,2,4,1.880585664790756,6.534889320582476,3.7143395064673235,High Risk
61,39,4,9,4.280193524396438,2.79594370523232,8.294002201989358,Medium Risk
64,21,1,8,6.582837834261573,5.707437417333199,1.9079226547583872,Medium Risk
31,23,14,2,2.6380607494635755,7.721525048074646,8.071797702024911,Medium Risk
33,18,13,7,0.12069935300617951,9.28008741774554,6.574940592562511,Medium Risk
91,36,4,3,5.189373642647569,2.6112714443307707,1.9274350721236844,High Risk
94,38,13,5,6.05759489358972,3.3485695099898116,3.0250396035141156,Medium Risk
71,20,8,9,9.628704940018096,4.642664202859397,1.31770888597036,Medium Risk
38,7,9,5,5.894708030932469,9.271748377359888,3.829670110643133,Medium Risk
25,27,0,2,4.711725593781418,9.01386856810657,2.036486411232774,High Risk
33,4,9,4,5.7340162589770385,0.8987828010063803,6.439979536304735,Medium Risk
53,16,4,2,9.27900629862027,1.3192982575381085,9.945051042205588,High Risk
2,36,11,0,8.283781456016463,4.955091773306383,0.1200916308426414,Medium Risk
49,35,5,6,3.22978733363808,1.066192728054235,5.409198132872986,Medium Risk
11,18,13,3,2.372543636571373,3.4558087334869745,5.736665975490097,Medium Risk
64,26,10,6,2.626336123660736,1.4838537821747766,9.14208789680812,Medium Risk
53,33,6,2,5.04421039715213,6.360403551318859,5.060053347669376,Medium Risk
4,10,8,4,7.4404945122857775,9.494954317391617,5.437014196449175,Medium Risk
93,44,5,4,5.032192071829621,9.967337702943816,4.716528013283886,Medium Risk
93,46,4,1,0.6779639582811259,3.752411324969148,2.689043045614814,High Risk
56,11,11,9,7.235807004399809,5.990126371146123,0.5602913324891368,Medium Risk
16,20,6,1,8.059701286709538,8.562676535240813,4.086576822098361,Medium Risk
46,10,12,3,2.8949786511971967,1.1746207279638399,0.5259147124067853,High Risk
22,38,0,3,6.641257392833504,6.895644110519649,5.504924694659178,Medium Risk
78,27,10,3,4.265919010543934,4.088436617250682,3.0729364324229316,Medium Risk
84,4,13,5,8.891193557274429,2.061461602801641,5.336024015254278,Medium Risk
13,16,4,1,8.452255581607398,4.0275361874744195,1.3429696439518668,High Risk
65,19,14,5,5.254319983096423,0.7596028696491686,9.326299657393596,Medium Risk
74,40,1,6,6.915055458135945,6.954071485893057,8.945212435499348,Medium Risk
50,45,3,9,8.83349701022104,2.527426687484531,1.899965092022845,Medium Risk
37,11,6,2,4.957170100782755,3.11405645044878,3.434442832940099,High Risk
63,5,4,7,3.1325074048882193,1.2108129824146274,6.134927718519796,High Risk
97,16,11,1,7.536661379095813,8.646591138898916,0.9568620730590627,Medium Risk
37,18,5,7,2.2006625478469175,4.934442792827386,3.5456782111615084,Medium Risk
49,25,1,4,3.8853114800604205,5.721468777864002,2.511122868190061,High Risk
97,47,2,1,8.657272371067936,5.694326830948546,9.155167287166966,Medium Risk
81,43,6,6,7.244223402693151,4.104931145413417,8.525106362892052,Medium Risk
29,43,10,1,4.038110052474993,1.9252991543813947,5.7983274126686375,Medium Risk
78,31,1,5,2.147445024083574,7.451327484984,5.203463368715742,Medium Risk
90,5,11,9,3.5596839083223655,1.2705626535767434,9.307257945453971,Medium Risk
50,35,5,2,2.84104149227433,1.038737902788105,9.324277829788153,Medium Risk
62,37,4,8,1.7608928794385392,7.101450375965034,9.693301253516605,Medium Risk
97,10,9,2,7.4333291356565665,2.0883702045198382,1.2537888410818765,High Risk
51,32,0,2,2.5206988685017153,3.0677275135283235,1.6055781076317022,High Risk
37,23,11,4,4.541674701677638,4.752274670017402,6.767366986798866,Medium Risk
96,22,10,6,3.8585944683610904,4.493513167295462,5.4143447660984485,Medium Risk
87,14,14,7,9.820773786356309,7.085791250649992,0.18465904893235963,Medium Risk
78,26,9,6,3.9109224414822052,6.2343179344336095,0.6197503598951937,Medium Risk
29,10,10,8,0.799824827967548,6.443961622818657,8.880803822588051,Medium Risk
50,49,3,4,0.8982575257208403,7.140543306554573,8.688707955393863,Medium Risk
80,16,10,9,5.907537213530648,2.9261272742346534,3.5727092199604513,Medium Risk
4,13,1,2,5.993635517382656,3.2233331180047364,8.910506169305346,High Risk
28,26,3,5,4.18758990482655,4.379977478955541,5.936750743979018,Medium Risk
3,17,0,4,4.318436923120297,3.0746217303352608,8.059056470189018,High Risk
9,27,1,3,0.5393258284087121,9.849378689708635,4.274310711602142,High Risk
55,46,12,1,5.165465103892623,8.140519264214296,1.1339832734490873,Medium Risk
16,46,7,6,5.047394753803517,1.6465468825602958,4.337270626460162,Medium Risk
73,3,5,4,1.4954931855694453,0.055941558818695114,4.572997979968979,High Risk
16,6,1,3,1.0383938611092758,0.4278326824726786,5.50944193840603,High Risk
83,44,11,7,1.235724905994905,2.440634510429253,1.05582712904428,Medium Risk
87,34,14,8,1.0102824649125852,1.1429128583685655,9.914018630496114,Medium Risk
68,47,5,8,6.097081955367598,5.333381148925721,2.4413682080690635,Medium Risk
33,8,9,2,1.9648265240291862,8.579952227273587,1.9855240353709291,High Risk
5,7,8,2,2.5143015218746347,7.367502209132274,5.268029188559366,High Risk
52,44,6,4,1.7357214415143973,2.156090630821904,5.372081793948887,Medium Risk
65,16,8,4,9.57835304448503,3.992992560257859,4.398207378332443,Medium Risk
76,16,4,9,8.546174631518355,5.078942095312776,7.718921463252545,Medium Risk
42,48,6,1,2.3049483735152085,8.102058495033354,5.166544007286027,Medium Risk
74,32,10,0,3.27566293922126,8.391216031061647,6.0969545514498416,Medium Risk
22,31,14,7,2.098928423049972,9.09718311907776,7.2374638540778555,Medium Risk
54,7,13,2,4.918759594608238,5.092452505028752,0.25025101563866614,Medium Risk
79,18,6,0,0.19610532474253595,6.9427474643586295,5.706441825450447,High Risk
94,37,11,0,6.713680088967957,1.1180037123393716,8.841944712283693,Medium Risk
74,2,11,1,5.231581498176416,5.6528895995398205,0.1738874292543391,High Risk
15,4,2,5,8.986389283011032,2.486918094711351,4.051821038009611,High Risk
7,12,6,5,1.6439268432841414,4.3171688502661105,9.2622745020583,Medium Risk
3,46,0,2,8.041092460611317,6.340505083067194,3.5315440228253783,Medium Risk
3,45,8,3,7.919610144667157,2.569859378537811,4.587288242002408,Medium Risk
55,30,9,1,1.2718118921688693,0.5218505779676108,9.815413930443128,Medium Risk
24,15,12,1,3.985592241441276,0.10233856408757513,1.993238589505738,High Risk
66,49,5,6,1.701526411445169,0.22159535544521547,0.6525518912500594,High Risk
95,31,4,0,2.5472050045754893,0.08349737513769662,8.594225908613044,High Risk
66,21,6,6,2.6324617483054435,1.1035505655787547,8.684653412123685,Medium Risk
26,28,4,0,5.562363940257727,2.394887145701299,4.720778346800132,High Risk
92,21,9,5,4.114109317604655,2.212215141822992,5.1420717447728626,Medium Risk
31,42,4,2,9.477328040063053,9.867965941798968,8.35806369617836,Medium Risk
49,2,10,7,1.2637014194700513,3.0600610520894325,7.3855949811579515,Medium Risk
60,9,9,5,9.736921348501987,1.274207833593991,2.6514900221701065,Medium Risk
50,41,10,1,2.3063864021426395,5.455625441677579,0.16893355071518457,Medium Risk
18,20,6,7,7.728739363818531,8.579574553975084,4.797001625335458,Medium Risk
20,15,9,4,3.389699261728214,6.780603767876752,8.589123260956415,Medium Risk
4,11,14,7,1.430813954173139,2.960820891354503,8.958346766901622,Medium Risk
81,1,6,7,8.5788918524624,5.61616159791455,9.562261970761538,Medium Risk
91,40,12,5,3.088608992364632,7.148559742004092,8.795632376127813,Medium Risk
41,23,10,1,6.588554042268422,7.281044923677423,5.800435552980984,Medium Risk
60,34,14,7,5.664436850866266,6.665384552976889,4.446055992361009,Medium Risk
21,29,2,5,4.717563093908743,8.70810424775618,7.74849846534099,Medium Risk
20,29,2,5,4.958194726485391,8.701054583441044,7.398216343655965,Medium Risk
69,46,9,7,7.322379140922876,5.789365594070032,5.3814343008145435,Medium Risk
0,34,11,0,0.8777291412344057,4.298563691112123,0.8732737255846912,High Risk
4,18,12,1,6.681806619579051,6.415702955650998,9.260813467869188,Medium Risk
11,49,14,8,8.958121013985787,8.182120013704631,4.556025375016621,Low Risk
89,7,2,7,0.5778819701986415,0.05652104841184724,3.633337819162643,High Risk
45,25,5,6,1.4065333923366674,9.91997009014851,6.295673951687717,Medium Risk
33,48,11,6,7.166319367020314,1.8289377232919923,6.738379611669769,Medium Risk
48,39,14,4,4.372816482446176,4.702489856599762,2.1068791703030145,Medium Risk
77,6,5,1,4.035486208136883,8.720297348428668,8.369388448099562,High Risk
89,29,12,5,1.3696663454423585,2.2504039904419937,2.8993709366237788,Medium Risk
44,6,12,9,5.067700407177881,4.767952239003832,1.866839259143167,Medium Risk
26,2,2,2,1.2654531119637724,1.3258218018117918,4.063998528544975,High Risk
72,0,2,3,4.766204563105404,3.950763253881926,7.305600808974653,High Risk
25,35,7,9,7.636152989616567,1.7713545479300252,9.654581784398035,Medium Risk
46,24,7,1,2.582643578871635,3.63627748771157,8.092812643714332,High Risk
85,36,6,1,4.807861681797273,3.73464216792722,9.403483776701918,Medium Risk
55,0,9,7,9.920159693968357,9.931707895983328,1.4060580407652679,Medium Risk
93,14,3,7,6.866504233540373,9.948130293037723,0.7117679886367678,Medium Risk
62,36,14,9,8.413567713051986,1.1478627866061242,5.577047619066712,Low Risk
47,12,3,5,4.148476065605458,7.259687793283472,2.9029748304403435,Medium Risk
60,39,2,4,7.678609231258553,0.5174547966910115,8.280549729692728,Medium Risk
80,7,4,7,0.40509172941321836,0.30192015337188627,6.7198787140232605,High Risk
25,4,2,3,1.2291118254224498,1.053338942449643,9.707281639857944,High Risk
35,8,12,3,2.0307059292006215,9.654856570079339,2.547923557313042,Medium Risk
0,0,7,4,4.019519246152195,9.408635478946973,4.857841143552324,Medium Risk
7,35,6,0,8.457448783257632,1.9392782028068045,5.0124047742535325,Medium Risk
98,34,12,0,3.462660507879305,1.6167233555371152,2.391767948573762,Medium Risk
51,1,2,1,6.546211935154629,2.40535086515947,5.900933994880077,High Risk
78,39,8,7,7.093142948034834,5.155469940751422,4.432859860792395,Medium Risk
46,22,11,6,5.861823540883414,5.697046320354099,4.467215559898737,Medium Risk
55,8,13,9,3.572419681701362,2.2159343043944735,3.627366479724836,Medium Risk
85,33,12,8,5.770533417135443,7.5662278808994525,0.1692935242553506,Medium Risk
13,45,4,4,3.422655927897462,3.0955316940265076,5.22095236914789,Medium Risk
89,13,8,1,0.8387373855201208,9.221313255294103,3.352478357003311,High Risk
27,3,6,6,9.928039781860145,6.567227064567306,0.013198689843296751,Medium Risk
86,29,14,7,1.271824536325109,4.363511943036117,3.07943707661932,Medium Risk
77,30,6,6,0.7234838383605735,7.899120017028453,2.78628333089757,Medium Risk
87,37,5,6,8.78530749207156,8.179146260466648,3.934481532236358,Medium Risk
1,10,1,4,3.018346608928951,2.9048160560894365,1.3185198964339695,High Risk
25,34,8,1,6.502969740735076,3.3971454383608437,5.076838246350844,Medium Risk
13,7,5,5,3.2900572966223285,9.359551537286034,6.924403525181299,Medium Risk
58,2,7,3,3.9145427079447117,1.6474103836327192,6.301855690545724,High Risk
55,13,0,9,2.621129720167965,0.421504169629342,8.037549475691906,High Risk
6,12,4,1,3.430440057930102,4.540553226095492,4.520082879870811,High Risk
2,44,11,8,4.107004005865431,8.012099002436289,5.190917303397282,Low Risk
22,31,0,6,7.204160690923429,7.716681063107458,8.104019408589833,Medium Risk
17,33,9,5,5.115361942347918,9.195306289128325,4.2770117081923855,Medium Risk
37,44,10,4,9.43565217156977,5.332006643690402,7.01599349899597,Medium Risk
98,18,13,2,0.4188039383877551,1.0006467156653331,4.346023687179919,High Risk
14,37,7,9,5.030683226320281,5.886889743360161,4.177361945115626,Medium Risk
63,15,7,9,5.842247888317181,7.783956143532116,7.602056245291603,Medium Risk
88,1,0,3,9.20196986074274,0.933281202698264,1.7483691546621116,High Risk
27,39,8,2,0.49158523621427586,1.7265740109758976,3.385859719415736,High Risk
73,16,1,7,5.73499584935216,0.12290661155670901,2.2417227674690174,High Risk
38,33,11,2,8.53629928527957,5.936525794468103,3.591099429675971,Medium Risk
56,41,8,6,2.4192772811923655,8.867343919459044,2.3037482236602402,Medium Risk
16,15,0,6,8.762923485239375,6.706633160020995,5.794056310866546,Medium Risk
85,37,11,6,0.19043409274291823,9.82040087590982,7.9817080261784525,Medium Risk
89,1,9,6,7.324546291337297,0.6303365249976156,7.866130612179019,Medium Risk
43,1,13,1,9.33113221168653,9.030010851514962,3.6450096454879244,Medium Risk
24,25,13,9,6.571976616400622,8.140682873866806,9.887604058942618,Low Risk
16,12,8,2,4.39029243980448,3.142415204995049,5.938543647058008,High Risk
12,46,3,9,0.44881016472718027,9.735265518372518,3.9940030177829478,Medium Risk
83,30,8,8,9.201138133226287,2.87937748171415,8.355392792414255,Medium Risk
24,33,6,2,4.702962226915748,8.893047238282184,7.2987401264264085,Medium Risk
67,38,10,1,0.2899674433594801,8.807485770741895,7.492753368241044,Medium Risk
9,2,5,8,6.898210713287619,7.576576166029724,1.961393497338716,Medium Risk
66,7,14,9,4.818372535762582,5.6347047381285185,4.683243073685551,Medium Risk
17,22,4,8,1.2434531744241073,1.2000274961688806,8.618281308246027,Medium Risk
99,13,10,3,2.1427180931025958,5.319717344964983,5.040380076287573,Medium Risk
85,26,8,8,0.6449068045584627,3.567962556549346,6.834527434210504,Medium Risk
33,28,1,2,5.742935397085736,7.9221703315535175,5.879337330342645,Medium Risk
7,38,13,6,6.220294792520092,7.581292064968449,8.423567877183821,Low Risk
39,38,12,6,5.057422983554444,9.106125073726052,2.8456083976160262,Medium Risk
82,0,10,7,8.17102133002615,0.14830162431707872,5.754752778863649,Medium Risk
41,16,13,9,8.610088213080136,8.091032168230461,1.2323466800980398,Medium Risk
40,40,11,3,6.1562439668312665,9.384620531246687,6.902107766994678,Medium Risk
5,29,1,2,0.12756479707430546,7.893004491081501,7.319678383527121,High Risk
51,12,10,2,6.952296557477356,1.301944598703667,0.4283732118899841,High Risk
25,20,11,4,4.179992169203516,0.8127910484088774,6.757909636279851,Medium Risk
63,18,14,0,5.65557483226387,0.2084523980770081,4.146901541657863,Medium Risk
97,18,8,9,6.490806020188844,6.287452258280711,1.2409687610968234,Medium Risk
58,24,11,2,3.5023661432707676,6.296726518598873,4.199075476984676,Medium Risk
55,21,2,5,9.170985051717942,9.869137142182122,1.942329296955817,Medium Risk
58,30,7,2,1.339748667497812,3.9804317410409573,4.155595321233165,High Risk
69,16,10,4,6.715118072810374,3.3190628489749674,3.843390279585277,Medium Risk
32,22,14,8,0.04359579956580428,6.244249271843925,7.383916369360575,Medium Risk
52,31,8,1,9.246511054051808,8.256086725075939,7.742155581663588,Medium Risk
21,9,7,1,1.125041332380915,9.367739495230019,6.070286543845467,Medium Risk
20,9,3,5,0.9488423014757463,8.031241661790386,0.22686842182447542,High Risk
69,35,11,5,3.3300763305224423,4.266739806158047,9.31022279070994,Medium Risk
69,7,0,7,3.735662860390806,6.349142353120642,6.862332800964477,Medium Risk
3,19,3,1,2.143000723228786,8.56299326716117,0.34195449921188836,High Risk
93,31,13,8,5.851216609271247,4.906096883117394,8.188328992141178,Medium Risk
74,49,8,1,4.4291409804196356,2.166866437053927,2.0026615471799616,Medium Risk
61,13,1,0,0.3417558904108742,1.6972343974787296,5.792211895711068,High Risk
61,49,2,9,3.196520622553006,0.0015774457805672881,4.666343699501871,Medium Risk
93,27,9,1,8.104329135731705,7.182379949812843,4.198387823550767,Medium Risk
94,45,7,6,6.897015348618686,1.110972088459905,8.897137201243975,Medium Risk
23,23,5,7,7.248708535798805,2.438390996959404,4.373612915626147,Medium Risk
54,14,7,4,6.981169240835236,2.9787633152279334,0.7534411757315074,High Risk
8,21,6,5,3.109730213830333,5.603798601367683,9.466387272149525,Medium Risk
2,29,13,0,0.9966392207677588,3.9795727729576926,9.205352312396275,Medium Risk
30,3,12,5,2.72467184033096,6.746739920231618,6.844326895815987,Medium Risk
39,12,12,7,8.317853001851592,0.5563865932870271,4.67892528132025,Medium Risk
35,22,4,2,9.804707977830711,1.2393919426443945,0.9285947294352126,High Risk
23,7,8,0,4.938470147415614,4.992115035332667,7.907481185774762,High Risk
94,17,3,3,0.0970035492304222,3.369647878468298,0.7547791442402896,High Risk
5,11,5,0,1.4004481213422904,2.958133627513597,0.6860098489514566,High Risk
65,30,1,7,3.220805753162658,0.6702807903752273,5.373838424393681,High Risk
83,13,14,4,5.785853485929497,8.957191747480014,1.6012824018464022,Medium Risk
91,33,1,0,0.7509364580531397,6.918185861250508,0.07730267340348984,High Risk
74,17,1,7,9.433572987098817,1.2161815681964938,4.231134309957863,Medium Risk
3,33,9,8,3.6508367328440072,0.6504595773714061,1.3721723161006594,Medium Risk
78,10,6,9,9.125842179248231,9.74872533431243,1.6051541528069124,Medium Risk
5,40,12,1,7.805218027570218,6.811725504395048,0.7691063873533466,Medium Risk
93,11,1,8,7.554372725155812,4.174560710937415,2.0509375372360994,High Risk
50,48,14,7,6.06719579782232,7.017310407557849,7.154841797743893,Low Risk
61,14,14,6,6.267838170518446,7.563317864801591,8.089273072177914,Medium Risk
56,30,11,2,6.380032352162481,7.799622023887793,4.525336440293007,Medium Risk
65,48,14,1,6.287213870255821,4.778773056530577,5.065538158814177,Medium Risk
78,28,12,6,5.537282313983613,4.29882758124848,0.32655034594202603,Medium Risk
74,25,1,4,9.864140184828889,0.1102808426890034,0.6931626137131686,High Risk
7,17,14,5,7.322905674256961,9.26557115141838,2.575677256495169,Medium Risk
25,31,8,3,7.769463883925212,6.03307878388943,5.438984207131475,Medium Risk
50,21,6,1,8.724628150836741,2.0315393718996813,7.395511487349929,Medium Risk
44,37,10,8,2.1563976272584915,9.196034194214366,6.050030613380331,Medium Risk
43,16,2,2,0.8380415909506078,9.149319017702965,3.921278549867883,High Risk
4,22,2,6,4.828944365985986,9.891841643660959,1.1832407300313819,Medium Risk
69,23,6,7,5.140806956192732,8.740565631389789,7.807732348871895,Medium Risk
25,49,4,1,8.291817799499178,9.977843878200648,3.637860515990571,Medium Risk
67,7,9,5,4.437835792823357,2.446861881232726,7.360540144827896,Medium Risk
18,40,13,7,5.708530255443128,8.422495851992341,5.129788419143418,Low Risk
83,5,13,6,5.270709385134583,8.230283087957645,7.386620535618253,Medium Risk
96,4,5,2,0.38202783757391057,2.3094035922073375,9.072895614525718,High Risk
19,43,12,0,6.15214896596914,0.9843754900099078,9.21029516053802,Medium Risk
11,28,11,5,8.280432857742522,9.794205136775997,5.351067800006034,Medium Risk
46,27,7,7,1.5750054807580383,2.9602455152061036,5.1150836476563875,Medium Risk
0,10,8,5,5.943317339265958,8.70891790467806,2.6567846550283725,Medium Risk
89,0,0,4,5.936105444464143,0.041271546746038945,9.357998315292914,High Risk
13,42,2,7,1.6418496405635874,0.21024807219602204,4.579191671996209,High Risk
63,18,10,1,1.2346357373073602,4.658713086963684,1.2759123928737715,High Risk
37,8,6,0,9.800519429764847,2.3871468393506357,4.327049146265499,High Risk
36,26,5,0,3.9371916965303755,6.898412834359643,1.2705325023800396,High Risk
10,33,6,3,2.2742172872352926,5.655643255679543,5.025316842570751,Medium Risk
99,43,7,5,1.7132454445437495,0.7748579745049144,5.612755148562122,Medium Risk
76,3,5,8,6.676017135832351,1.6262829631571707,3.3775576149358533,Medium Risk
2,35,2,0,6.094452973272788,3.880492700584143,0.7165061423148467,High Risk
32,17,1,0,6.435521229874174,1.8560406395543316,9.43503535633239,High Risk
5,14,11,4,0.8800602751145226,7.922223472439286,7.733531134834296,Medium Risk
49,12,6,9,8.93534583498437,4.1607023555328,8.388810805051211,Medium Risk
9,18,11,4,3.892663968090483,0.9343186684249927,3.668683942862294,Medium Risk
4,48,11,4,3.1336940643035796,4.843429022721248,7.608310300194505,Medium Risk
22,5,11,9,4.623614472477392,0.9083818106141417,4.853728951691942,Medium Risk
9,47,10,5,3.9006606574762825,1.2893730541981718,2.0108348840604595,Medium Risk
43,11,0,7,8.63577003139146,2.3960983202820527,1.2442337690721328,High Risk
1,36,2,2,9.29260975197892,8.595277052474898,3.4505086932205686,Medium Risk
12,16,11,8,3.034532164496062,9.24612532332972,1.3755211147513968,Medium Risk
39,22,10,0,8.639358074599548,8.26257729332069,9.982689762040685,Medium Risk
1,25,3,3,7.815231295330671,3.3407721741784724,0.49188990232022056,High Risk
83,28,12,8,9.308076723447618,2.7244644110883165,4.411435993690765,Medium Risk
64,32,13,7,2.4575031218588785,5.491556907902392,4.520935223903841,Medium Risk
62,26,0,9,5.769591501209791,7.2185316053311235,3.0063192858167556,Medium Risk
72,24,4,8,2.7454458474044463,9.933727881601747,5.713515657069453,Medium Risk
16,9,9,0,8.240944904843742,1.3157071187892622,1.4997702415154468,High Risk
8,46,2,8,0.05324190571064258,0.49291999023804434,7.839123805872337,Medium Risk
74,22,1,2,5.648191628863961,6.94355888995271,3.3244771824763832,High Risk
14,20,14,9,3.39203431271918,8.322257835039055,5.913425897986418,Low Risk
23,20,2,8,3.2268370707782026,8.463487798664232,7.156392360669593,Medium Risk
37,42,7,0,6.4490632386491695,6.784635490771606,8.890421176901611,Medium Risk
34,12,5,0,8.51484449313994,9.540158041191871,8.357874364522,Medium Risk
93,36,12,8,6.091953913933263,5.110047635445869,6.083090281035596,Low Risk
94,32,13,5,8.531729786467224,9.138147983362124,3.8839318038388693,Low Risk
48,23,6,3,2.6459711188102997,9.67812136991523,5.032046700749639,Medium Risk
68,43,11,6,5.195018547649811,8.471574570031077,7.6873479337880255,Low Risk
61,10,5,4,4.50536539067076,3.097585632586206,8.77545542559473,Medium Risk
59,16,5,9,0.11644899503096218,1.9621565117029527,1.0378192817667187,High Risk
49,3,11,6,5.568121431407401,5.4812006498181844,3.848562624930535,Medium Risk
77,46,2,7,6.615243241461749,4.530147503801885,7.761165984135006,Medium Risk
74,24,11,7,5.9191440441907,8.77758342192733,4.31651762593961,Medium Risk
8,29,12,0,7.362798987834215,1.0003167106715372,3.3222776406628385,Medium Risk
33,8,13,7,5.713395284530771,2.577400613115186,4.113226968232696,Medium Risk
75,20,7,5,0.6675025485075692,7.5179894451870855,6.028447467863508,Medium Risk
98,19,11,3,1.1644552408471143,0.9498664497731213,9.998051441338015,Medium Risk
34,18,6,7,5.964745775439524,3.2076441402170017,4.929924291045317,Medium Risk
0,18,6,2,2.749791919736402,3.8715539405398314,2.0849447495426054,High Risk
39,11,5,3,0.7964512903476584,6.225937965626899,1.6284657527909474,High Risk
63,36,4,5,4.296027434485468,1.5813264571936458,0.4234974747641429,High Risk
21,41,9,6,5.543225980836554,8.606044903497095,5.588172349183215,Medium Risk
59,16,7,3,3.2874598834960658,4.475422354662743,5.4457209148883425,High Risk
63,36,4,3,7.204337022257779,9.170217118805565,2.0523392678030916,Medium Risk
92,47,8,6,6.437706081012447,4.678699136339316,6.95329406452567,Medium Risk
71,38,8,5,3.3281836109167195,2.750402589407334,7.411070416296807,Medium Risk
10,27,0,7,7.548725289085606,1.4182882868767488,2.5909820538211124,High Risk
13,40,5,0,6.486950425330354,0.03745094711284813,3.440997640297365,High Risk
59,34,6,9,6.374453787179021,5.321574849848356,9.904716723472566,Medium Risk
29,46,2,6,5.53427700787068,1.0715669692692342,3.742644678507342,Medium Risk
34,47,6,6,0.11389668088552796,3.9172776363117823,7.608016717561018,Medium Risk
84,17,10,6,6.965071834768891,5.892717612370867,4.5272542662993995,Medium Risk
36,13,10,6,3.7604179110915648,2.756858969027003,7.9334482786097595,Medium Risk
4,34,6,9,9.426097101586556,1.7522429236611525,7.690232387826478,Medium Risk
82,43,13,9,8.179847710772053,7.747216226093416,6.677560251985356,Low Risk
77,40,12,7,5.876944695313123,9.467911722816206,8.547783462955792,Low Risk
25,6,10,8,2.5218198181926943,1.00440417861966,9.392184948776851,Medium Risk
61,40,1,8,2.037173932776666,1.5559032438500786,5.799833204520839,Medium Risk
3,12,6,1,3.4038483767754912,9.600126572527186,2.374689072227457,High Risk
88,17,14,6,4.765679435800186,0.37784221812246277,3.98628961644075,Medium Risk
41,36,0,6,2.960655100389471,9.776323365504723,7.583057135132933,Medium Risk
88,12,4,3,5.149294953924828,0.04644483084988771,6.508834851238695,High Risk
17,35,8,8,1.6537042551318593,8.736686556513312,1.7779833856524874,Medium Risk
39,30,6,7,9.777128128254999,3.0732518098774952,0.512395411464247,Medium Risk
71,1,6,0,1.0792455496499387,9.385888581772965,6.829615935420649,High Risk
38,15,10,1,9.31944139654372,3.1694528863558546,2.5107902402934537,Medium Risk
13,8,12,1,9.135780114026948,6.54306321534056,4.996702437290534,Medium Risk
31,8,11,7,5.25360481819498,0.8003256976593665,7.4674677251259425,Medium Risk
50,37,1,0,7.249102718360843,2.42329811453739,5.626667806563331,High Risk
37,10,7,3,4.360482979725878,7.736793464792507,0.8330258311179639,High Risk
96,21,2,9,6.300345775424382,5.286858536788197,1.855802367835554,Medium Risk
22,32,14,4,3.405759374211187,9.279690617870447,2.1932818403091914,Medium Risk
62,35,7,8,3.0115901978544537,4.287514083413543,2.5786425364484487,Medium Risk
14,44,2,6,5.782297861695137,8.698123658139231,5.654033919505043,Medium Risk
96,22,9,7,4.981296741839803,4.489554374782375,5.039657798253935,Medium Risk
24,44,6,8,5.79536369149981,9.792482787019853,2.0316003836420893,Medium Risk
16,44,1,6,2.8666058128702296,9.598343813988768,0.6755484345568707,Medium Risk
96,33,3,4,3.6695783181699526,3.2913670555608032,1.7143220447471808,High Risk
65,8,10,4,0.8389796062890931,8.859236704168032,9.843813126186033,Medium Risk
77,23,5,9,0.5227637227220572,8.476113742156492,4.685469497914722,Medium Risk
52,7,10,5,2.534571296730163,2.1068039732756283,8.673455047021125,Medium Risk
50,6,8,4,0.7424685933054576,6.242904007832697,8.487524666688433,Medium Risk
38,35,4,8,1.037747086347407,0.7268231558981486,5.115195574628737,High Risk
50,17,12,2,8.12928405393937,8.367107205834616,7.066877084605435,Medium Risk
69,2,8,2,0.388736970166893,1.7454588350349654,1.9275201041271228,High Risk
5,27,14,6,6.589427939347427,0.7081470138576451,6.883967049269083,Medium Risk
66,5,4,6,2.725577488154005,4.002190955388112,2.723845792632895,High Risk
6,43,9,5,8.715456807081264,5.769221385996435,8.320620967541508,Medium Risk
50,43,7,2,4.849922845774995,8.54916958559771,0.8372413310890992,Medium Risk
71,20,12,6,3.0557645932782576,9.742425255217364,7.731386728852775,Medium Risk
41,27,12,4,5.1763893568943455,4.394925125698636,0.9993690656861953,Medium Risk
63,39,0,6,3.8195801904526885,0.6044692298527021,8.81189236894309,High Risk
14,0,6,1,5.643010646698302,7.4911557902587065,3.042045181350037,High Risk
28,35,3,5,1.1453286832634824,5.651732562239374,6.543933648305748,Medium Risk
32,20,4,7,9.969905028125511,4.478913448444631,4.875022786202798,Medium Risk
93,42,5,0,4.255558776967176,3.0926887879218965,3.6630314526233896,High Risk
26,34,4,3,3.4823063970736867,5.023985278435356,6.454418331834964,Medium Risk
35,12,11,0,7.102098483162649,3.3867960445703096,9.47522980551238,Medium Risk
28,48,0,0,3.638994064953325,7.570118677473603,0.41269747374621857,High Risk
37,9,11,9,8.332743050287576,5.438936964926411,9.188528558831043,Medium Risk
56,43,8,7,4.542707243604252,8.768477741541119,6.0908165502101355,Medium Risk
96,46,1,6,7.195584132654349,5.435439146494421,8.073143007690524,Medium Risk
26,9,8,9,1.0745321644188655,2.3826241333993003,3.8387495343427758,Medium Risk
54,45,9,0,8.461191855551117,8.510918822321445,4.7184297483761375,Medium Risk
32,12,1,1,7.357179867781099,5.5721904493004395,8.68850751801164,High Risk
67,36,8,3,2.1171677846196566,2.0684103814356125,4.148479698098231,Medium Risk
85,37,5,0,1.4528600974578665,6.235078099562221,5.34659566749085,High Risk
65,23,10,2,3.162923487256244,3.5771676494242755,0.20194923084332905,High Risk
9,1,8,7,9.760705860319042,8.444056122920658,1.5859800583804229,Medium Risk
4,21,12,7,2.5683157456705863,4.5329973864654285,6.416865079747998,Medium Risk
73,16,5,7,4.561272089466333,7.264413581074168,7.169769010638771,Medium Risk
96,35,5,5,0.30020225717336313,0.9553620763623716,5.8260093678449945,High Risk
37,13,12,5,3.9722752956623255,3.9602434630234615,1.4331003627561067,Medium Risk
12,9,10,4,5.713200154331028,9.832414364723988,4.454054285778348,Medium Risk
30,34,13,8,9.531246125079651,8.084602894771484,3.550947663631898,Low Risk
46,24,1,3,5.167360449400644,1.5994080236692865,4.956613440350884,High Risk
99,2,7,9,8.191073261776879,2.777640494772551,8.703290345540942,Medium Risk
87,46,2,6,5.471276425689005,3.2981580885636106,7.758614386586519,Medium Risk
51,37,6,0,0.407850134355181,6.5036556049544565,0.8398950138915895,High Risk
55,16,4,8,3.1500827518977403,7.569947594896556,8.903091977745643,Medium Risk
14,11,2,6,5.755495078311032,7.495266088079098,4.717671511498236,Medium Risk
28,23,0,9,9.505939659311244,5.098740563064029,7.438621448859984,Medium Risk
7,28,7,8,8.591303597512333,8.108205378381513,1.4003923126435214,Medium Risk
4,42,2,6,2.2835561417884764,4.370780827574751,6.707195257070481,Medium Risk
28,24,1,1,2.201098300191635,1.238805652955619,2.3632601760945793,High Risk
46,35,0,5,2.0117296711390074,5.644418416538133,4.383808971409316,High Risk
67,25,3,9,9.224988963025032,9.523013846011066,0.1686287008210441,Medium Risk
75,37,12,3,8.526661531017206,7.929936513925114,1.5161063793047602,Medium Risk
44,0,7,2,7.748834322529488,5.787006476922424,0.9208049312361977,High Risk
1,19,12,1,3.9273511422422756,6.468056603490969,2.3974417293825843,Medium Risk
26,27,2,5,5.043807042987668,9.305620270355726,1.0001809002432227,Medium Risk
94,15,13,7,4.643317447951528,4.283427944349604,6.919100266195619,Medium Risk
35,46,0,5,2.5339810755937267,3.3139413894263736,0.2903990220921937,High Risk
35,16,3,8,5.050280461487669,9.77241565000449,6.1774050062499795,Medium Risk
25,39,8,4,0.30496547852754463,8.634431335103335,1.4070783082557425,Medium Risk
42,27,12,1,1.3181037349745917,3.230435846186024,9.451614571778968,Medium Risk
26,11,0,7,8.865895961689464,4.637805973609228,9.330940731098543,Medium Risk
68,26,11,8,7.516797670314233,4.15078129007799,2.255031025209626,Medium Risk
19,41,13,9,4.228684090590871,1.4909567867143392,6.144212982230295,Medium Risk
10,46,10,3,5.171503622838772,9.578193238132592,0.28005319472458434,Medium Risk
73,29,1,5,3.6999888595997743,4.0431243121975875,9.31788543051174,Medium Risk
37,40,8,9,7.407798671606725,8.75329082637908,5.229873081917097,Low Risk
5,33,1,7,7.841871792320796,1.8935622768066507,0.43223151417778993,Medium Risk
71,36,12,8,7.632851902031591,5.478708106372197,3.424999930081374,Low Risk
22,5,2,4,7.2261172483444955,0.23961385124269818,0.768494618612342,High Risk
46,6,6,5,2.0450433869279583,7.642204838423085,3.9294443937335988,Medium Risk
89,31,2,3,3.3796997924047876,5.809138982462784,6.699263421613231,Medium Risk
45,31,8,4,4.69845434983675,6.255895834697527,4.698899080414396,Medium Risk
11,24,5,6,3.3079299142765564,0.5172088255465346,3.837221747194545,High Risk
89,32,2,8,7.54940200158329,2.110383302086154,1.191570455404648,Medium Risk
12,6,8,9,3.293535242499547,0.7433087235358016,2.4493904569365634,Medium Risk
61,11,0,5,1.3823208678533716,2.8891431580381175,1.0014328773835113,High Risk
81,15,9,5,3.9904045204830405,6.2743900768215095,8.074987316566608,Medium Risk
88,15,2,7,9.799144327823804,5.661859843173752,1.3523982798472256,Medium Risk
96,42,0,3,2.258814129335759,6.121498216133903,5.953733665488935,High Risk
59,35,1,2,6.12158658943229,5.492512713778943,3.427404135888459,High Risk
42,12,11,6,4.329730498397063,2.730287956758594,2.259783846551835,Medium Risk
75,6,7,4,0.7102456764932663,2.4450749734442523,6.394684394921038,High Risk
99,35,6,1,4.878766059980595,1.3705968353658127,4.570023093769406,High Risk
67,46,1,1,7.021643286483124,8.490708749034921,4.0014546728455915,Medium Risk
4,8,1,5,5.132199758278188,6.164793585412445,5.928520048922215,High Risk
36,31,8,7,8.721060637465811,1.8651101250405977,4.912676284900007,Medium Risk
71,10,12,0,2.8893701665758265,1.7720937982123952,3.0348420855156077,High Risk
91,7,12,5,0.8624917130396492,8.730356015261368,5.590612877652516,Medium Risk
30,32,5,1,9.36565611658006,7.427308637633193,6.694985765506946,Medium Risk
8,22,4,1,3.78196349528219,6.593990799053714,0.2669315858685428,High Risk
50,24,9,6,5.7640555145363335,4.068641075392998,4.658717289076754,Medium Risk
28,7,5,9,7.9200312613019594,2.6197556427851754,0.5768328458354377,Medium Risk
77,44,8,0,3.243136638755806,9.794507631128237,1.8640541406811106,Medium Risk
39,21,10,5,7.161645381776111,7.972395750228002,5.605087340779731,Medium Risk
40,3,6,6,1.3541884981782804,3.0177922313627645,8.661889152655807,High Risk
85,39,14,7,2.9129374720550527,8.475647962784947,8.828056791884848,Low Risk
10,2,9,6,1.447106361365199,7.589319486146815,0.6994401013863127,Medium Risk
22,28,9,5,8.112305584013578,2.970805498779984,4.191050862867066,Medium Risk
0,40,13,8,2.2264923522678535,4.265528542416397,5.8300648300455125,Medium Risk
45,28,8,2,7.174035554052103,1.8595344539102665,1.470699045503434,Medium Risk
20,33,3,5,9.432983972456526,1.1105244437810935,7.654322167447717,Medium Risk
89,33,1,3,5.27772209068877,7.227620328396967,7.442352584372388,Medium Risk
35,27,11,1,5.400291922606877,2.6751185735386662,9.033410137067946,Medium Risk
53,12,7,0,4.61033568097812,8.200593657462536,0.08486012083443017,High Risk
86,14,3,0,3.2589014339364275,9.95608711514426,2.1668424398900266,High Risk
56,22,12,9,4.756550309249171,0.7661981392964867,8.271867142453218,Medium Risk
0,43,8,2,6.028075322667594,4.7303512508370025,6.705800508269354,Medium Risk
62,25,14,3,9.859915721706594,8.020625593108031,8.943898536984907,Low Risk
53,3,14,1,9.377645593182242,7.889508965412335,0.5717965453026652,Medium Risk
54,25,3,0,8.621529582931217,7.599971583309685,5.969639657164429,Medium Risk
39,39,14,3,8.891305357048584,3.4899493530191092,5.690465748936742,Medium Risk
14,8,7,6,4.67849183292043,4.538532556850523,0.3567441636053237,High Risk
20,4,8,9,6.574443271774648,5.949683573414703,5.135220769124835,Medium Risk
46,31,12,5,8.950667229362141,9.739405835732573,6.095203113099243,Low Risk
72,19,8,5,3.9295076499135306,3.275472709384929,1.9129317420210723,Medium Risk
52,49,9,8,9.617624783454687,9.231438877168577,2.7332958312466293,Low Risk
8,10,3,1,4.15786062069183,2.693569181804941,6.40347346297737,High Risk
73,14,0,3,6.010826653932156,9.890744654737047,4.683009475999583,High Risk
51,31,14,4,7.098047132723719,6.702636868275917,8.580136575683268,Low Risk
56,27,2,0,9.505920130759383,4.635114803585509,3.4238176600918835,High Risk
25,21,8,7,2.4461627405226603,6.133904280636049,2.6665965838820114,Medium Risk
40,40,3,7,7.461309782386422,2.725311690402068,9.848659403448428,Medium Risk
34,16,4,5,5.208155861440822,2.741738575114666,9.111357701300834,Medium Risk
62,25,6,4,2.6855714062064107,1.1355454384349384,0.2899274499897986,High Risk
24,43,4,7,7.766068397963906,1.1405029770539876,7.707286153065659,Medium Risk
89,6,3,2,5.522222801738465,3.476717414689113,1.1033477382520296,High Risk
74,41,14,2,6.609738206496758,7.628554778963716,0.2748519482937095,Medium Risk
37,25,1,1,3.22901068577901,6.079711675981625,2.7369551596634887,High Risk
1,24,14,4,4.81273951827605,1.0258456033102081,2.693458790611043,Medium Risk
6,9,1,2,6.17354250988067,8.52236524975911,8.193187623469647,High Risk
81,44,12,2,4.04910814269844,6.013676269900664,7.106672459428351,Medium Risk
90,18,12,5,1.9837253984770131,9.608555767847797,9.816094273320143,Medium Risk
33,10,3,7,9.61640492315304,6.7018546741120755,7.115129003118184,Medium Risk
90,12,9,1,5.114675400426174,1.75174863704181,4.182555532560479,High Risk
16,7,12,3,7.339203702877005,4.737833623078222,6.989276609452169,Medium Risk
42,39,9,6,4.110471935560581,6.484975975472041,9.994590671864021,Medium Risk
58,3,12,0,3.5513176402571633,0.2826470104997769,7.101418825625281,High Risk
50,46,14,0,4.07164298467125,0.14910264154807895,7.616813559803183,Medium Risk
53,30,8,9,4.091966437856498,1.294030005985679,9.383650151902593,Medium Risk
23,27,7,6,5.441801159419536,2.5166443504547074,1.1365126131168335,Medium Risk
24,10,2,6,5.434698699813632,4.295491235206756,7.047842934477268,High Risk
70,42,14,0,4.971538158828716,4.874404737597883,8.50805957967449,Medium Risk
51,0,13,0,1.347857849174381,1.3802760893789678,9.54378600220893,High Risk
69,48,8,3,4.960754785005311,6.733915791158308,2.109692897116994,Medium Risk
87,46,13,4,1.6910390042065149,5.961380616965348,5.039290077242442,Medium Risk
32,37,4,4,1.2613578629576516,2.944640988411602,6.805548476444818,High Risk
48,23,10,3,9.326457173411677,0.13659883435292008,2.4746772950133744,Medium Risk
28,46,2,7,6.049500131477043,0.7764791535329074,6.00472863250274,Medium Risk
62,30,4,6,6.5949005812458426,3.916947755108394,2.5757878249799937,Medium Risk
21,40,12,8,4.017936703333637,1.5397435116568392,3.3345702053164725,Medium Risk
25,45,9,6,9.089808919148641,3.768196061479708,4.415186965108651,Medium Risk
27,49,12,9,6.379304895796655,6.281826045103552,5.29190098746567,Low Risk
84,25,3,0,7.691698695235875,5.472374278792835,4.493658716251506,High Risk
48,48,7,6,3.6856246902771383,2.3117588313739423,4.931955197879292,Medium Risk
70,49,12,0,9.600118808191255,3.438224912587524,2.985887562882926,Medium Risk
80,4,11,6,8.20461290158315,6.140311984486506,1.589650940226306,Medium Risk
83,19,4,9,8.539484630145436,8.608550280434487,0.4734997732683943,Medium Risk
48,40,9,7,1.7219426742575428,7.532134387388773,1.959787224916677,Medium Risk
19,10,11,8,2.709632078712195,5.534000268334149,5.81943641505783,Medium Risk
85,32,7,2,2.856265996835771,3.622929983164862,7.861154478031324,Medium Risk
91,49,8,3,2.709092232468712,3.650512775418054,1.6924759744289453,Medium Risk
62,37,3,3,8.55408162104288,8.79417310264396,1.0855535777264846,Medium Risk
60,26,6,8,0.3188479520859211,0.392435760405464,7.4929036054925025,Medium Risk
48,33,1,6,0.760999889807743,9.87982644420261,3.0515833053728967,Medium Risk
70,14,5,2,2.739148706299037,6.643754108515623,9.514994392273525,Medium Risk
0,31,7,9,1.9987297464944365,6.811376990723906,7.14317970610373,Medium Risk
95,20,11,4,2.3185961388284837,0.37997837304742155,3.2675604724303087,Medium Risk
12,45,6,6,7.979431892533,6.055292748912722,2.8954274779370492,Medium Risk
93,4,6,7,5.631265938920469,4.8477806009044695,5.236983862713091,Medium Risk
86,5,7,0,0.057706612929679935,1.05778906894067,0.7914466827820943,High Risk
50,37,6,1,4.293227657041952,2.7792201076935905,1.17676512645299,High Risk
55,21,4,6,4.078849268503589,8.903144562136513,1.758578813161925,Medium Risk
82,17,6,1,1.1394526944454353,5.49988415865953,7.7472359330456015,High Risk
61,13,12,6,6.761417886014572,4.134165751739087,5.138573592691225,Medium Risk
31,9,13,8,7.02097188379491,0.7268215584081095,0.10567122774442939,Medium Risk
29,45,9,1,7.208932190520977,7.141215274023056,6.73516527472109,Medium Risk
28,12,2,6,7.28470945558592,7.028508233960325,4.236901786604971,Medium Risk
48,30,4,3,0.0005282693229680113,6.140436069725635,5.108523649637979,High Risk
44,29,6,1,9.539208038467223,5.1026264622064925,2.1411624341293556,Medium Risk
92,2,14,6,8.14208767054663,4.337844022073726,5.517822283941037,Medium Risk
29,29,8,4,9.039816965892854,5.9327109298799225,9.791532397514885,Medium Risk
15,5,14,0,0.15643295307434135,2.333954517284067,0.7344469100576145,High Risk
39,28,1,4,9.338587957857394,9.412590641776477,2.8391739966443064,Medium Risk
18,7,3,2,8.097885286881047,5.887945291802295,2.4299759286082976,High Risk
17,43,11,6,8.372191429586985,3.1119244435437654,2.485493107511796,Medium Risk
0,44,6,5,0.9328738472196851,4.4967985088515725,3.787063575653773,Medium Risk
77,42,0,7,7.387780289185977,8.056847888768923,8.181097847441675,Medium Risk
46,43,12,4,9.59916689642091,1.6161606073029744,9.128586899643874,Medium Risk
65,32,1,1,6.785473414181606,2.928356224602604,2.022150874589733,High Risk
91,16,8,8,5.7056140462460645,6.795080227365554,5.429499379481127,Medium Risk
93,47,12,7,9.45629677748997,3.154892064822239,6.368989721654803,Low Risk
37,10,9,5,4.42937121734436,7.92501681861466,5.21827474363845,Medium Risk
50,12,6,9,5.992935663104787,1.3045348717736083,4.340763941969196,Medium Risk
62,49,11,6,4.763382934943662,7.626861704546085,1.9197550585923784,Medium Risk
3,10,9,8,9.328462213602991,0.6835171485056624,4.882193591992385,Medium Risk
0,30,6,6,0.7608472676550726,0.12592612667494785,4.012148277113289,High Risk
7,27,5,2,5.011197008253482,8.98223518832162,7.955633625022696,Medium Risk
28,43,2,5,6.869524413854383,5.813392169322986,7.636043591629952,Medium Risk
54,5,9,6,7.919065384222369,3.5182689708681147,1.339986812056707,Medium Risk
2,40,2,1,5.830186474441364,2.325946369638504,0.8851905256306758,High Risk
31,15,1,2,9.08917744121454,6.168857832608161,9.08153943227503,High Risk
9,3,10,3,9.419914468838718,5.0900218353673825,5.355083889644977,Medium Risk
73,34,5,9,0.6431922319358352,9.915977755299853,8.578009372825907,Medium Risk
82,47,3,5,4.023705395413744,9.832159866537458,0.5815112056640115,Medium Risk
33,25,4,0,0.23459021721154438,6.350245661416096,5.265156165216302,High Risk
96,11,2,8,3.2941665737444294,4.428705061058905,5.394265145762364,High Risk
86,10,5,4,5.368682179706021,4.911409691346621,8.6070203254215,Medium Risk
54,36,10,6,9.107949305099488,6.82479066236862,0.9760999822970751,Medium Risk
91,24,11,8,8.465543224654029,1.0157454423538137,2.404455636759093,Medium Risk
31,17,2,8,1.2749972667198572,3.283520738107182,4.065383138870131,High Risk
49,18,13,0,0.930303747408957,0.7527224100360386,8.658414754199422,High Risk
6,22,14,0,5.892673387566671,0.7336075951691956,9.38883315070567,Medium Risk
92,37,13,2,5.321179724587827,1.9583924189423374,9.927246195936279,Medium Risk
7,17,7,5,2.6637764143002385,4.852532545932268,9.591934864585216,Medium Risk
64,25,8,1,8.994530845538351,7.847743211627893,0.05941755844354413,Medium Risk
56,5,3,9,9.273664094615535,4.854958911658725,0.4770834145387204,Medium Risk
66,3,14,0,4.026114383401627,3.3547661056086975,1.4760681915758866,High Risk
87,43,8,0,8.903025571135203,0.8235299033675814,3.4886209677027313,Medium Risk
86,28,11,4,3.8394889426297265,5.5029552318312955,8.299180309869588,Medium Risk
58,33,6,3,7.368168318297002,2.7126858648317675,8.926561953354804,Medium Risk
71,16,2,0,4.7594221754772414,6.149341779171475,1.8683440629458303,High Risk
53,42,6,3,1.2258315650718299,9.771877391324184,6.1966415161970865,Medium Risk
66,42,13,2,9.279342012370215,1.1131432147755016,9.173619850652766,Medium Risk
50,15,0,1,4.540965933775366,2.121253987219399,4.637317359313208,High Risk
96,1,2,8,7.344870403224037,4.730945380993747,1.0354357195278396,Medium Risk
91,33,5,0,3.6717381443129216,9.686138153459295,4.57813650084625,Medium Risk
7,7,3,6,0.1888087857623466,7.718097762699956,3.757949022880572,High Risk
33,12,6,3,1.005303586918359,8.982291931628302,5.77657996066007,Medium Risk
34,41,13,4,4.9621947948992435,3.337148484757929,4.3865868440710365,Medium Risk
95,7,2,9,6.899643571263624,9.920384737785945,0.1734592685371794,Medium Risk
87,29,0,4,3.3473532657927905,1.028328160641574,9.939977334136712,High Risk
77,31,8,0,6.954884591776503,0.5297290604610083,5.435402377305709,Medium Risk
31,35,14,5,6.98635589431956,8.556026270540281,4.736307554846095,Low Risk
45,46,5,8,7.039359073278309,9.272648702069862,9.54617371504054,Low Risk
15,29,7,1,4.925218540205084,0.9058535754610175,1.558603675870771,High Risk
67,0,2,6,9.14886150121504,1.134274267458415,1.8923760254524824,High Risk
36,42,7,5,4.891965179806156,0.33174157755773814,8.080147490627835,Medium Risk
53,38,1,4,4.502651934966382,1.045075626427241,2.608310800250088,High Risk
84,16,11,3,1.9938081901062699,2.0941981680028086,7.992271062915269,Medium Risk
13,19,3,3,3.076550873563365,9.70076618910001,2.7153348290850254,Medium Risk
94,23,2,5,0.42334492518303346,6.678602222396805,0.33187630225001485,High Risk
54,49,9,3,6.335352936161702,7.785530255185421,5.17014723886716,Medium Risk
47,21,0,4,2.4853574392709286,7.761394036915221,1.9668643412686138,High Risk
81,28,14,5,3.041552544854651,5.350737497792146,7.5784629293247106,Medium Risk
6,21,12,4,7.708145216643212,7.974889777130172,6.411996332321481,Medium Risk
73,43,12,6,3.2722118316145385,5.958075323899696,9.236026679779178,Medium Risk
6,8,6,8,2.4219589201314218,3.145460976033576,7.829883572657359,Medium Risk
32,36,10,9,1.6905774913370575,5.611101087684007,1.8077595484072684,Medium Risk
22,9,9,6,7.748584021819559,5.335085861345135,8.001582366647963,Medium Risk
84,35,1,6,1.2970625799002689,8.234530537593207,6.4173704481402325,Medium Risk
18,36,3,3,4.537537602503535,9.81727217381659,6.689516417606249,Medium Risk
18,27,8,0,5.0693011607719445,4.110425654209306,8.322628859701487,Medium Risk
35,27,5,7,6.873899126857146,7.633906784413597,5.738240691889402,Medium Risk
28,41,7,3,6.3328348233299545,0.9976300403813354,4.660035143530129,Medium Risk
59,42,1,0,8.107206729451748,7.7683136944828854,6.36641035358728,Medium Risk
81,20,6,4,0.4475143392623815,3.714169119932321,2.979574289583591,High Risk
1,23,5,7,2.964407247793972,0.39390162889686664,1.825971310870993,High Risk
0,41,12,3,2.8013411877537973,3.6324617856217722,6.1658783807124635,Medium Risk
46,39,13,7,1.4601690559210823,6.106427509216448,2.338483690854777,Medium Risk
68,1,8,7,2.8917825385644313,1.1925016768146657,0.7991510934660673,High Risk
19,7,6,2,3.097653141429034,9.240344924302546,0.00554184585253914,High Risk
10,47,0,8,5.218844619274783,0.7767241327283858,6.0831940140006715,Medium Risk
1,26,13,2,6.637044789262561,9.300067198331663,3.6214878348023682,Medium Risk
66,21,7,0,3.8110051361181405,7.071375179356865,7.52310970673456,Medium Risk
86,36,10,1,7.194702313133812,3.297121754142036,3.7517639831310245,Medium Risk
11,26,9,5,3.3616533857957998,3.9075034770909323,4.860034482382267,Medium Risk
19,28,14,9,2.9028367731476035,7.4080936473274415,4.070849728153849,Low Risk
4,2,2,1,5.411880558570243,6.014711008812074,6.5057479110934615,High Risk
36,43,13,5,0.23716360305790607,6.716429214549452,3.5613916201496822,Medium Risk
37,12,1,0,0.7978912363400037,3.8916461651347998,9.637676499423089,High Risk
93,44,11,0,4.179695435865271,4.87813481807599,9.3614698659853,Medium Risk
8,9,2,4,9.429127113917565,9.898674840378934,8.480279026572813,Medium Risk
97,35,10,9,7.215117798434236,2.139228704997177,9.203002705727481,Medium Risk
52,8,5,8,0.8812656950055775,4.178561865221314,4.49139688459391,High Risk
43,26,12,7,8.463180127808737,2.9182318757396732,5.364303967894921,Medium Risk
98,33,13,2,7.32300770608181,7.651115104398498,7.420925925582445,Medium Risk
85,0,2,2,6.109465257026532,7.640126256657207,6.9614592493854115,High Risk
23,31,9,0,8.202929606091773,2.924454609973959,8.906785956054708,Medium Risk
80,24,4,2,4.041098477429571,0.8139031663298291,7.163310272566953,High Risk
73,28,5,0,2.215010508538527,0.11432676672204045,9.978847082284606,High Risk
29,6,7,7,5.120233891087594,4.274505332424855,3.4850579983159102,Medium Risk
58,48,6,0,5.488417555934738,4.103375943357709,8.32997742239418,Medium Risk
86,2,13,4,5.383263720099121,9.88389878639863,6.976348228326642,Medium Risk
95,19,10,8,5.650737914801053,4.698020756976796,6.913864452150186,Medium Risk
80,19,7,6,9.487049182391807,2.564183695754206,3.258355948449989,Medium Risk
80,29,2,3,9.022456230962314,8.912294410314674,7.856017924230225,Medium Risk
13,34,3,8,8.757170365589394,4.910679496535785,9.003760223475991,Medium Risk
8,34,5,8,8.014168109086272,5.991756352105778,2.1854846152056293,Medium Risk
39,48,10,1,9.434281072652853,0.9566871042821268,6.254968371167041,Medium Risk
65,38,6,9,0.9849464167940325,3.8291640732977408,3.921348291027752,Medium Risk
24,26,8,9,2.651232614457395,9.442236744737867,9.89548119294877,Medium Risk
72,25,12,5,4.950559456545848,5.895053841754255,4.788328158316816,Medium Risk
21,13,0,3,8.465344931234052,3.4450185514246168,2.283201737969427,High Risk
3,16,12,7,5.051657115227325,6.256671806315931,3.8185762522183255,Medium Risk
25,17,14,6,7.480347393415887,9.104110895781162,6.538383898166263,Low Risk
57,44,7,6,1.3895990524891622,2.7399060047259005,0.7608937134957627,Medium Risk
28,28,7,9,2.5241381297656016,5.051167184706744,6.036019202212376,Medium Risk
97,19,5,8,7.317760950376724,9.586906539117553,9.31224759178898,Medium Risk
86,26,3,4,1.6473400888772405,1.7239614329845265,8.503627876578504,High Risk
36,17,2,5,3.5135593465492674,7.196639255967115,0.6767353665798337,High Risk
74,3,10,0,2.6486625781357143,6.1448100820298235,9.933898787390682,Medium Risk
69,0,2,5,3.4986169422247846,6.796751311406348,6.987269237038792,High Risk
17,49,5,1,7.083240490779703,3.5121963066756967,1.6228082431402369,Medium Risk
84,0,12,5,3.67847181142801,3.138793734837649,0.12416089169423494,High Risk
41,25,7,8,5.5526332260794025,6.842096705883705,1.7128263629215135,Medium Risk
99,44,6,7,0.9993187705440965,2.1554328510454535,8.381759206857385,Medium Risk
40,19,10,8,8.050176932346279,4.196547448590051,0.2163932494516374,Medium Risk
37,22,0,9,3.6988862564812486,1.88174646052918,2.3314730361808653,High Risk
33,9,10,7,6.485341590333425,0.08304841123329743,7.573055953348754,Medium Risk
16,10,5,2,7.253896016618326,9.700573600380695,5.8611053589813515,Medium Risk
36,40,6,7,2.0966092211170038,4.3170297865641905,7.827357103601918,Medium Risk
24,40,11,5,8.846749849533499,9.693496144198253,7.461505038267879,Low Risk
75,4,6,5,6.162242516069529,1.4032351976782609,0.5060138712180473,High Risk
86,0,8,5,4.287251417514815,5.87366779457486,8.925114190941516,Medium Risk
85,16,10,2,1.8233518357821954,2.0097403279123958,2.270318342822687,High Risk
84,21,10,9,9.423009379012067,7.900741269632747,5.533924402297638,Low Risk
26,33,9,0,7.550682041316251,7.837029887609752,6.442881565277788,Medium Risk
56,44,4,3,2.0802456273324887,1.126071490393118,1.6862821088509539,High Risk
30,40,0,9,3.377107747242245,9.120644528763892,9.762312567009744,Medium Risk
5,28,1,5,8.096742580880733,1.9462964720322462,4.8815595608730895,High Risk
90,3,14,9,6.95677663215339,6.129773415893603,0.5764269559739343,Medium Risk
39,4,3,1,7.657842927157244,9.85633620087704,9.372620447778404,Medium Risk
97,10,4,6,4.412011022129324,8.823965347663638,5.862678431932681,Medium Risk
11,20,8,6,7.164762626421669,9.56563928561169,6.991931979813764,Medium Risk
52,34,10,3,3.8649372286391372,3.425987712181194,5.251757899342241,Medium Risk
70,11,14,3,2.1126291693819645,1.0557564221946336,8.347379547769675,Medium Risk
9,25,0,0,6.3267703484136,1.883468732894501,0.33133462193210894,High Risk
44,18,2,1,9.760139255987943,5.004948950766138,2.683783652771478,High Risk
16,44,4,8,3.106009713953296,7.932296782733221,4.696483564026922,Medium Risk
25,6,2,9,4.609695922125397,1.5015364418387522,0.7660361631371004,High Risk
84,46,3,7,6.740013710698536,6.597315322607571,7.059066693266582,Medium Risk
91,6,14,7,5.415062821224879,3.235776040395119,3.9366341405564076,Medium Risk
61,25,13,8,8.434277957090492,3.412020723921535,2.7266799026814406,Medium Risk
45,39,2,6,7.617427064695159,6.619177301579263,0.033788468084122725,Medium Risk
63,4,3,8,0.5829720386235704,4.669994195332202,7.198303117499537,High Risk
1,20,13,9,9.98421233923774,8.12033293025994,8.338093088728618,Low Risk
53,13,14,1,7.524024537194673,1.5591850966282705,3.9504053568149846,Medium Risk
64,3,12,5,8.639033162941132,7.8994826976703845,5.642179770333655,Medium Risk
50,22,12,2,6.511977120953464,0.6423524805742087,2.2768662592959843,Medium Risk
52,41,14,5,8.562851280467623,1.94053880245605,6.221976462801331,Medium Risk
35,19,14,2,1.1238297492870941,6.5614971450316535,0.12137458315200522,Medium Risk
25,14,0,7,3.4773783555931557,8.549256565110712,4.886438970987585,Medium Risk
28,49,11,3,8.764209436044927,2.5267962773934904,6.442054818406922,Medium Risk
20,44,7,9,2.016552112668922,3.271916058289129,9.18191773229734,Medium Risk
10,28,3,5,0.7824209858002273,5.3712074828673995,3.8133581712228426,High Risk
39,7,6,8,7.8811893994521895,2.1157280648930232,7.651902029810298,Medium Risk
10,40,1,1,8.354861556432962,8.111562615875057,5.976870299435007,Medium Risk
35,47,1,1,1.626522181899006,7.7363664500576075,9.270121129250805,Medium Risk
58,18,5,6,8.543459827827155,1.4529171196578161,3.983776756594306,Medium Risk
38,47,13,1,6.867677955971696,4.638297318166321,3.1909533987298797,Medium Risk
98,38,1,1,5.2008268321658395,7.748277666546214,8.871419986941438,Medium Risk
53,45,14,3,8.30250192781385,3.373295311034148,0.4924440140828912,Medium Risk
97,27,14,8,4.192492493189658,6.331068227177317,1.363853929336768,Medium Risk
54,45,5,7,1.9399395622339721,0.5021312145757273,0.8240443458404445,High Risk
23,26,10,1,2.8485267661061364,6.08688760529318,8.431099565764026,Medium Risk
21,3,14,7,5.0516401829331485,1.52652980000607,0.10607423370319391,Medium Risk
68,14,1,3,5.313307926731757,8.305833251144513,8.61657155497048,High Risk
55,34,3,1,8.055808264412336,3.554494635804785,4.512677953712668,Medium Risk
32,36,6,9,7.913527236523344,2.815538627281957,0.040252788539707485,Medium Risk
35,0,7,6,5.813665572045749,8.40888976711485,4.016451772120418,Medium Risk
19,2,14,5,7.807854833654764,0.5014402307181021,1.8680084104503558,Medium Risk
82,46,2,9,1.9177345829367098,3.966087993343448,6.244004874721631,Medium Risk
98,23,13,4,0.5006452709329434,3.700035405750314,6.793587899216465,Medium Risk
80,26,14,0,8.736338226347002,2.8480037424955085,4.875275704049998,Medium Risk
61,39,12,1,0.7555449376276957,9.11754332001477,0.4051952543966997,Medium Risk
97,35,8,7,2.466884297439973,7.509283935167223,6.561288043672019,Medium Risk
72,33,1,0,6.953189496243846,0.6392316419193877,8.420387836055212,High Risk
25,28,7,2,4.0944793762730916,7.146874494349541,7.203242773264015,Medium Risk
65,23,7,1,8.763139699155088,5.2729913312879395,8.299579189553185,Medium Risk
72,23,12,4,2.9797979466226954,9.008678944015792,2.0050952355088745,Medium Risk
72,41,13,3,0.11871346669359295,3.1294561734835846,8.888879396564827,Medium Risk
39,3,3,6,3.006556405607441,5.741619996095829,3.221934506479628,High Risk
16,2,0,4,5.780750491848316,5.007552747409861,0.13404814251991026,High Risk
0,33,12,7,3.7593837540329336,4.8956090622760575,8.433916463290707,Medium Risk
88,48,0,3,5.348727557587552,4.561053995172126,9.418212689647268,Medium Risk
60,22,1,5,8.765981188350187,2.0562947553228126,6.555581974173488,High Risk
42,22,13,3,9.124850542303685,7.5570992249239275,2.3143663046342464,Medium Risk
41,44,14,1,2.6597406465411213,4.513360327392887,2.517444642825304,Medium Risk
24,4,11,0,4.621404732699007,9.585162750026058,4.665928734356195,Medium Risk
38,30,13,0,5.491440152414512,2.608084271927763,8.978310796014195,Medium Risk
34,40,8,7,9.491124568882471,6.827438396270411,1.4959765614755838,Medium Risk
2,5,12,3,9.986173191643847,9.407170796391085,8.259736695834869,Medium Risk
43,36,1,4,2.3540724884152664,6.634583230160925,2.9130280870515035,High Risk
50,9,1,7,7.2697987134581545,8.712729076173947,8.08586169429098,Medium Risk
93,39,5,6,3.7803106223319514,8.27480959757006,9.202711976015387,Medium Risk
97,6,6,7,0.08108196886213226,3.6011771548900384,4.2749387199432025,High Risk
11,38,12,7,0.09252522435902355,6.001239399394965,3.650506541055308,Medium Risk
18,37,6,5,4.605660075622557,1.562613398113556,8.022213189713018,Medium Risk
43,20,14,9,4.883349130043346,5.355258826955995,5.2948288237939405,Low Risk
58,19,12,1,0.22569696573442655,2.304219718143372,6.8444904846319705,High Risk
48,2,8,5,6.869274167743025,7.437368149524456,6.228292369611795,Medium Risk
60,21,5,0,2.940033885949531,5.280584218921246,1.5288884564479632,High Risk
16,46,13,0,5.598931015359494,4.112273626316605,8.447903602895616,Medium Risk
73,3,7,2,3.0091907316541877,2.687970961669776,1.957751114131362,High Risk
56,27,10,2,1.6713431486930719,9.986984818412868,9.322821440707807,Medium Risk
54,11,5,4,4.071737385988753,0.7171052088493268,2.5057129142214785,High Risk
46,37,1,0,2.3227336479050074,0.4356068057242002,7.338809732737419,High Risk
11,35,0,9,5.34800976919168,2.1725740049386455,2.8465539349359203,Medium Risk
61,46,4,5,1.9882853028647995,9.710724586278197,3.177854085868639,Medium Risk
79,40,13,6,5.084059766446271,9.792381683199844,3.100018527823053,Low Risk
87,4,8,9,1.5737851486886756,6.549277347721359,7.478922540260832,Medium Risk
82,12,7,2,6.70974709485785,8.801066672064048,5.568151179693931,Medium Risk
7,22,13,3,7.539376844414241,2.1396173084079537,8.829524558474972,Medium Risk
94,49,12,9,1.1039423424993378,9.720420941766236,3.0737271920404483,Low Risk
20,29,3,9,4.678024120373392,1.4278485013956466,6.9199252205674435,Medium Risk
80,36,4,9,0.7087170065487358,1.0112518818165828,7.529485996631107,Medium Risk
86,24,12,9,5.981824455420024,1.122115392472729,1.5148211302995818,Medium Risk
79,47,4,9,2.6440429792964535,5.7312792327256465,4.005893573198112,Medium Risk
69,26,5,2,5.276244568387078,7.809744007180523,4.828174943504111,Medium Risk
71,13,2,0,5.174610093842912,3.666671778746331,3.556873898943743,High Risk
24,47,4,7,9.243543461938003,9.778959877861265,3.2211259596913813,Medium Risk
81,46,1,9,5.490832225687229,4.344201381183295,6.864198939976419,Medium Risk
88,35,9,9,5.829984797183156,1.5044855077321628,2.1586639765948856,Medium Risk
11,38,0,1,4.016531257643803,4.6596674818613675,7.093907452511288,High Risk
14,15,10,0,9.490796031828168,6.790371654224399,9.350441963907306,Medium Risk
58,21,0,7,7.771859094396096,8.322257805043787,5.651975211777511,Medium Risk
25,20,9,6,2.854052903028416,4.587682899565929,6.114342367394741,Medium Risk
25,20,6,6,8.44209585776232,5.936068260491675,0.6893270212408908,Medium Risk
46,7,1,3,4.3239636018509,2.6734471215885334,8.644769036178282,High Risk
31,48,3,8,8.28667143533594,6.45916526405514,2.854477871998655,Medium Risk
9,15,4,5,8.22888068293502,9.859719439503436,6.150511655285649,Medium Risk
15,30,6,1,1.8887018676285439,0.4905357258779386,9.791121697448023,High Risk
70,41,1,0,7.011411313835769,8.865306707051678,5.955026005728078,Medium Risk
16,9,13,0,2.906429693065311,5.622825027675228,7.247094874643776,Medium Risk
22,31,5,8,2.974926699926682,2.5209865956229995,4.453196182237519,Medium Risk
25,33,0,3,2.963480768805807,9.54889710009258,0.6036584351505736,High Risk
84,8,6,4,7.255682475599482,4.83354303058899,7.975993494897885,Medium Risk
85,16,8,2,2.298260417925361,3.3169025167338564,0.3499884126398567,High Risk
6,10,4,3,0.009058352460902253,1.8149762827084115,7.006578288878541,High Risk
13,31,4,7,7.152368534826331,2.444522102566621,0.22921573149636942,Medium Risk
78,9,3,3,1.7118474383512527,8.328490415914425,8.623052365766705,High Risk
6,21,2,8,1.0448239530783465,6.144100093171659,1.5763603583298058,High Risk
8,16,8,8,2.3751612059406013,9.132456194883162,5.142714954425511,Medium Risk
47,3,4,5,3.7990052232270397,2.3196845215778583,5.9715070448314735,High Risk
71,47,7,1,4.759063274732007,1.2113857384890148,4.575454073734121,Medium Risk
58,46,8,9,0.4457004071263082,0.06087530975590005,3.407634893488872,Medium Risk
86,24,4,6,9.705733326273604,5.078620376159938,4.6781429618097174,Medium Risk
92,20,9,8,7.160630534195581,9.983069303819882,3.114157538811587,Medium Risk
81,36,8,5,3.2319406532433614,6.94965268818639,4.3812234708086315,Medium Risk
94,37,1,2,3.186972572853973,3.0839459196514607,3.5891299099803065,High Risk
93,48,8,6,4.485425493684594,8.768585830261717,5.6620482350714525,Medium Risk
38,0,10,4,6.26244822763033,7.817222659879597,2.3792416224498347,Medium Risk
98,24,3,0,1.4637306658896776,0.15415166076539255,9.886565549140125,High Risk
17,35,5,2,1.8892981376495233,8.168604805410224,5.008699533821655,Medium Risk
58,16,5,4,8.59434582833551,3.00526757238496,1.9416207741450964,Medium Risk
16,40,5,6,2.5625492388907256,1.496734645836011,4.770667495672725,Medium Risk
13,23,1,2,3.8019499797517753,2.2633083973707455,8.664151295248242,High Risk
30,1,6,5,8.71271850950117,4.68579804375139,0.21806793124395596,Medium Risk
23,39,12,4,6.631478293998225,4.24867927068011,6.795541191072888,Medium Risk
98,14,5,0,3.4171187934168836,2.8888729937422672,5.47967796793928,High Risk
59,31,10,9,6.836995457246208,1.722183222070327,1.6955799437013552,Medium Risk
44,38,13,5,0.1968321538141371,7.622307896421693,8.174764393049207,Medium Risk
97,5,0,7,7.356426600113652,9.901097837349171,3.6888462237400566,Medium Risk
2,0,1,0,4.870160405162395,7.777915804196905,2.9380202881550743,High Risk
36,46,6,1,8.131821472844612,2.9593696767154123,8.28125191856901,Medium Risk
42,22,0,3,9.546376520064683,2.4480896141213337,6.385250461916646,High Risk
39,38,14,1,9.257885494945683,2.1766587606593824,8.982590836748244,Medium Risk
89,16,0,8,9.092650434553407,1.3669507448903628,6.298837036711994,High Risk
54,33,0,9,5.121699559338872,5.513305496923012,7.408176579321153,Medium Risk
86,40,7,7,3.6014211413893804,6.0540037195334415,8.364458962596128,Medium Risk
38,28,3,7,4.650353247306728,7.0550266066313725,0.5473963590993691,Medium Risk
14,8,3,3,6.898960033133608,6.80213370933668,7.760489588693803,High Risk
3,12,12,4,8.839977768711867,2.9233331128338245,6.137064818495768,Medium Risk
92,5,1,3,2.0698630300011955,3.3031100539684655,0.6950779651519323,High Risk
85,5,10,8,9.18193158461703,6.815145354423379,5.085779218687151,Medium Risk
24,19,10,1,8.151802319698891,3.4944764078362835,0.8245807798395388,Medium Risk
12,2,10,7,9.788560151782345,2.12623189619313,7.359472017232224,Medium Risk
81,16,0,1,8.802517732816872,3.7433615369673956,5.465017138978831,High Risk
32,48,11,0,2.7993732969190663,2.720841575779777,9.535735374122973,Medium Risk
15,11,9,9,1.059559113440477,0.883127212185778,1.8313537157176984,Medium Risk
41,47,8,2,1.1224107199158861,8.301389022766536,6.060334525203785,Medium Risk
65,46,6,8,2.9122331857827612,8.531113891570364,2.1158213457049135,Medium Risk
54,44,3,2,6.141837239845392,2.1975030016687946,6.140649847273983,Medium Risk
98,0,11,8,8.043203260971726,0.6477219952520175,7.226497023608564,Medium Risk
41,16,5,6,8.992503069815648,7.388274373511795,7.223043293295386,Medium Risk
33,2,13,9,6.2375338436923276,2.115286258634137,8.150739906826098,Medium Risk
29,25,1,0,0.056313127480537295,3.934354894368602,8.535502279583167,High Risk
12,14,6,9,1.8631677651853351,0.6413525223738326,0.7727172626717704,High Risk
12,35,1,4,0.9972620385336795,2.262695847584352,3.4326715707240405,High Risk
17,31,9,8,3.6332447556901,7.929022783296357,6.8712252035980566,Medium Risk
31,31,7,2,5.013509936337459,8.04396446915202,4.985862873912121,Medium Risk
95,3,7,8,0.43397178578560847,2.070848248877104,1.906759467547915,High Risk
98,17,0,4,3.484779757956553,3.3591384510668956,5.52709570166698,High Risk
38,48,12,8,1.7917967462532258,1.3423841909374357,4.074356527661438,Medium Risk
45,18,7,9,6.4707016625887395,0.7417263028492238,3.9003827765430508,Medium Risk
28,42,1,5,4.642723693243401,9.921717144484095,8.097537174356638,Medium Risk
61,34,5,8,4.953176469339088,6.555939512448392,4.075983338321812,Medium Risk
92,39,12,6,4.276917880334611,5.420965091983188,0.2645450548042416,Medium Risk
61,13,0,6,9.56019710486567,7.654985004052995,0.5806333889109128,Medium Risk
56,32,4,7,2.1473512512156323,8.400771596877242,8.562440416916203,Medium Risk
15,13,10,6,5.166642598438743,8.067147680447276,9.606008100125212,Medium Risk
55,33,6,8,7.360173683653359,0.16539449289876607,6.884093364557076,Medium Risk
9,3,12,8,5.568444131345625,1.8680789819049848,3.643682941000802,Medium Risk
29,23,9,5,9.290208857168011,6.5490530211783105,9.386003157947275,Medium Risk
24,28,0,6,3.7796835564128415,3.757593478039629,6.628030863757358,High Risk
83,18,14,1,4.636758057731781,9.82482651061107,8.443335491993377,Medium Risk
4,5,1,8,0.8852231521472842,6.654047926382541,7.658523040370094,Medium Risk
64,32,6,0,6.089991110519285,9.565489087292065,3.791393157725924,Medium Risk
93,48,5,0,2.8821196844810606,2.014464816457938,4.787022008507855,High Risk
48,39,2,2,1.6030903951556885,8.639570281150231,1.861321543680995,High Risk
2,18,13,5,5.44531292904508,3.213523058152253,2.9201410044073404,Medium Risk
44,0,9,4,5.323102633799106,9.895648082378068,7.781256612865217,Medium Risk
13,4,1,1,0.7587164122404755,1.576886720731473,8.939783918831083,High Risk
29,26,9,8,6.982154534944728,5.163398188383265,7.244604232514118,Medium Risk
67,15,3,9,6.237721906508529,7.928445338371219,4.651736966566383,Medium Risk
17,5,2,3,1.890172827464972,4.326424806040359,0.8650926893974753,High Risk
61,39,6,3,4.694348621540438,4.680840601876467,0.5694794869844821,Medium Risk
36,12,7,4,7.2032291647856,9.863557955057411,3.7432556461285382,Medium Risk
24,47,1,7,5.294357405412765,4.253081503011533,4.638217187676631,Medium Risk
47,34,9,9,3.954890761835702,6.040721005990636,6.091206222132969,Medium Risk
64,18,6,3,3.2233845808094364,0.545396606751507,0.0648952138699721,High Risk
52,11,7,4,6.103938666440536,8.4221008021026,9.897228904663063,Medium Risk
78,15,5,3,9.391086983102406,6.481680489795435,3.639388834040429,Medium Risk
72,42,5,5,6.717448404774834,4.040201028628135,8.480946638011215,Medium Risk
14,9,9,2,0.747459036363155,0.16169539954519752,5.349667056654043,High Risk
48,24,0,7,4.6068497348213375,5.9166882059350385,1.3043945453334649,High Risk
87,19,3,5,8.908241315106276,0.12657828484162192,7.975655525345219,Medium Risk
67,30,13,9,0.9446242580108688,0.012036139090179088,7.098270749198761,Medium Risk
11,3,0,4,9.888757121375434,6.160985621493547,5.27436084929228,Medium Risk
58,43,3,1,9.490693936454214,1.8901706733455426,5.1455309133378,Medium Risk
36,22,1,9,0.7827448072987586,1.918875497180953,0.8747960575092806,High Risk
60,1,10,9,9.334133204495549,6.532715658327437,6.5584894857387415,Medium Risk
42,21,12,6,3.631325902594622,0.5369718793937428,9.112451557542997,Medium Risk
69,36,4,1,8.447091670758626,3.1340556147455634,0.9324491922135836,High Risk
38,7,9,0,4.183833377132715,1.4943190214201907,2.635114506489049,High Risk
55,6,13,6,4.4085511270251585,5.801763697965338,9.023079734420987,Medium Risk
62,13,8,4,6.342430909775426,6.617651547273958,2.843439098197933,Medium Risk
45,2,10,0,7.7447741927598335,7.211358535990435,6.539436721799263,Medium Risk
87,49,14,3,0.33789150948248636,2.5523121691856545,5.348181649431441,Medium Risk
10,15,11,3,5.931559955271343,0.89249751636584,5.963276050038621,Medium Risk
61,18,9,9,1.8673299409737099,0.7868365694189783,4.157889015772531,Medium Risk
76,17,2,6,3.4594951786320296,4.261515484507238,2.999914705537111,High Risk
97,15,7,8,3.479686661552165,9.45844409062715,0.4853345072966897,Medium Risk
24,7,2,1,4.690603402211536,2.177290342470246,7.4428093929416415,High Risk
70,32,5,0,3.341364118761734,2.5674160134154933,7.460934621942268,High Risk
51,48,3,1,1.0736111845066776,1.0088880210585893,6.707257400787232,High Risk
3,11,7,6,1.4562873852545144,6.055702738939303,6.436337881196206,Medium Risk
58,10,10,9,0.3343798556109767,6.798728739471748,2.437171321675262,Medium Risk
71,4,5,5,4.702490853287543,6.4293120816076,0.22344933766291208,High Risk
19,26,7,3,9.544476948529885,8.611302430447813,8.087153968854397,Medium Risk
92,11,0,0,1.1567522364811655,4.864258350260718,4.911385356958268,High Risk
62,16,5,0,9.46264493003082,1.3445704076706444,3.0683813070261836,High Risk
53,5,0,4,7.333615147320936,2.8940513070441263,1.0193190678057007,High Risk
73,32,0,0,6.3749880293416314,6.624299734213518,0.627215909013884,High Risk
97,4,7,6,6.452777553235629,6.131219737415599,3.488667217951773,Medium Risk
56,27,14,0,8.26727648396282,5.310031297429624,8.047370647669405,Medium Risk
89,13,6,0,1.0691986437982137,6.829644186886872,9.187237493338305,High Risk
40,4,2,1,5.047543235655417,6.373908503732993,8.967513646130648,High Risk
2,32,5,9,6.970911382607586,8.813248894649517,9.20000834749655,Medium Risk
5,49,14,2,5.868204450735637,5.860163774782966,9.077253431293427,Low Risk
4,47,8,0,8.327790710232946,7.786013587005565,5.272247516003958,Medium Risk
4,40,6,8,0.7227170901135149,2.4870715596646784,2.1941563855690385,Medium Risk
53,18,11,9,6.9070103949916595,6.78182584589068,7.980465828368204,Low Risk
46,21,2,7,5.340277303847177,9.021941183826756,2.13712974852579,Medium Risk
86,4,13,4,3.791608639799434,3.8573232789983325,2.672072767565691,Medium Risk
48,1,13,1,3.4027498223403088,7.791041873386466,2.3325432182254846,Medium Risk
8,29,12,4,6.208326327741929,7.247893011954353,5.149824036958059,Medium Risk
98,46,5,5,8.909953746442648,0.5952619687182248,3.2182750816907992,Medium Risk
19,38,10,0,4.961759261011153,5.815083096240723,1.5415604962534146,Medium Risk
60,3,3,3,8.2472316407692,1.3018934920080238,4.531734118938823,High Risk
34,32,13,8,4.021563818439676,9.673191722305912,8.73907238785167,Low Risk
49,12,12,1,1.0239446279317654,8.114075027006562,5.705528549499722,Medium Risk
81,19,2,4,0.6150573645863855,1.0972380124712011,8.78335605887587,High Risk
61,6,8,0,0.5133437132367757,1.2175199764767841,1.958721850791374,High Risk
16,14,9,3,3.8015014195766996,5.944738549126189,1.66973873672554,Medium Risk
87,22,1,3,3.3723775083584204,3.448891741731833,5.755771256984202,High Risk
2,13,0,5,7.1793702362256955,0.3490585907310928,4.63328901546273,High Risk
31,22,14,9,7.428215015848658,5.416415078330531,6.601726416469569,Low Risk
98,18,13,8,0.5085396883373983,3.878450996858469,7.9462679102678155,Medium Risk
12,28,1,2,2.2112326288901496,1.0107649237174265,7.513072956521764,High Risk
88,19,6,8,2.7426185015889972,8.019203922559827,9.422611736585612,Medium Risk
72,28,9,5,5.476119841428094,9.15076765278806,3.9825640915701155,Medium Risk
67,23,0,6,1.4451522390695026,7.5659393401413,2.063867422481808,High Risk
13,17,5,9,1.3394121940000037,8.224223100162773,5.509126399478857,Medium Risk
97,9,13,1,9.437888892079581,2.164905672661174,1.107431201911856,Medium Risk
10,40,6,9,8.04202907297781,2.6357295091860102,2.888511233316314,Medium Risk
55,7,8,5,1.806549020911703,2.0852754029918774,2.0788805526314444,High Risk
66,25,14,5,4.065678079054909,7.65063431365564,3.965637167970809,Medium Risk
91,28,13,1,3.5562199925756555,9.47917078934497,1.1121657500221538,Medium Risk
28,9,7,1,7.910040740654073,7.1683720673390265,0.3184174454809785,Medium Risk
8,16,5,1,5.10212916478122,8.81466764879556,6.567940046300318,Medium Risk
66,1,2,9,1.2784973699346702,6.386990948831725,6.102489782898049,Medium Risk
24,5,7,0,7.389920631562439,3.8765990055879906,7.083589360386612,High Risk
97,4,6,4,3.9688797822491892,4.257616149303052,6.603864402713439,High Risk
75,27,2,7,2.629242476321471,0.7532143216740483,1.142946811423835,High Risk
41,40,8,1,3.7549862202072015,0.3145719524602608,2.9107888137564633,High Risk
8,4,11,4,4.977565636068963,6.954756041890774,1.2952660990035236,Medium Risk
78,17,1,7,3.4311551641700944,4.384288920111806,8.429724020485631,High Risk
39,25,2,9,2.419057725917578,5.522150680546295,7.469036553555233,Medium Risk
24,19,1,4,3.985020288039803,5.576612476224163,2.0152700291824246,High Risk
4,40,12,1,0.19172910749898242,2.773758133333014,3.413092404898934,Medium Risk
10,48,0,2,7.724978460963139,4.758925108294907,9.666149922642141,Medium Risk
58,26,3,5,1.709448935675858,4.707602216677023,5.941593578796515,High Risk
97,48,4,4,0.43904613630637246,3.88427221227857,8.011555973011573,Medium Risk
87,11,12,3,6.5369869290507925,8.206753834010705,2.645910347687291,Medium Risk
78,6,5,3,7.739361288236722,4.511640036875959,2.1005292017930524,High Risk
37,2,4,4,8.138291315928432,6.036445245059879,7.839169288465484,Medium Risk
71,9,0,1,4.9350918266059995,8.955201203808262,6.858724552314401,High Risk
4,33,2,8,2.053681846899853,8.662336228589226,6.809779292117637,Medium Risk
47,24,0,1,7.372276772498267,8.904222037791651,5.526345818291939,High Risk
89,34,10,9,6.997130771543372,2.7000499646501397,5.635783427765489,Medium Risk
17,15,4,1,2.4627073410317326,0.3498248830806283,7.356975053062538,High Risk
69,1,4,9,9.03407755862793,2.610667998953292,2.7000248112119527,Medium Risk
36,23,11,8,1.04371458082829,2.7870734562070867,3.527684658569558,Medium Risk
59,9,10,2,9.826882395913257,9.09360326724968,8.71636770520055,Medium Risk
47,37,12,9,8.602478109774646,6.492427328379707,3.0886520101215775,Low Risk
76,21,5,6,6.878986454790752,0.8170395960222876,5.46309571379299,Medium Risk
27,25,7,3,9.38749888279833,1.3537859601110114,7.026394640066841,Medium Risk
68,42,9,5,7.223111683237078,1.556761255419754,9.999248268331765,Medium Risk
76,38,11,3,1.9045699703004593,6.304217481689232,4.3529133149533195,Medium Risk
80,26,0,9,4.421561381128117,7.354140255070031,4.2809287662494375,Medium Risk
39,28,3,6,0.7150302433163536,8.59643910565396,8.425883794336675,Medium Risk
44,46,9,0,3.8965742228811537,9.40636550806243,8.055031112598632,Medium Risk
95,37,10,2,7.416030197372087,2.0170455738644177,7.310758817345485,Medium Risk
61,19,0,2,3.864433509308174,3.0977248472404906,4.632296374090289,High Risk
92,26,8,0,3.302941754681341,2.403228807448307,3.239391201607158,High Risk
57,40,10,5,5.953557225103118,3.5876156746613774,6.087304825848486,Medium Risk
66,19,6,8,8.72204528998895,9.146651074237495,8.76223293131641,Medium Risk
55,43,6,7,0.4758319254611243,5.751125669393615,8.837774582085865,Medium Risk
39,18,11,6,3.8547043469973543,7.381918973244991,1.0849834507043843,Medium Risk
97,19,4,9,1.582407418152627,4.90119236126782,4.283502838131507,Medium Risk
39,34,6,7,6.953542507318696,0.2885791333612453,4.6472195619874945,Medium Risk
90,46,11,5,1.0572456043113487,0.6419548599781433,9.776153675237532,Medium Risk
76,1,14,8,6.6480775858024455,5.379230312678858,6.779980152425845,Medium Risk
32,29,1,2,2.8618087079790735,7.1878903482002565,4.072464172620705,High Risk
5,33,13,9,1.989168137372247,2.153305275287315,0.26057885985593,Medium Risk
87,21,12,9,9.363525578249854,7.21909573992304,5.65385160099196,Low Risk
18,2,3,8,0.18524576745955867,8.106657734835125,0.9607597563835613,High Risk
79,5,13,3,4.37777271889569,4.118974783621113,8.34449957347763,Medium Risk
39,14,13,6,0.21626992461793781,7.464192328441049,7.525186605703621,Medium Risk
91,26,6,8,4.83593048104329,4.040299503284599,4.605091599081788,Medium Risk
96,9,2,1,5.010473777944182,6.7835062945502,4.292107795416998,High Risk
58,8,1,1,3.2166247139474704,7.63997049319543,8.973389655687686,High Risk
58,32,9,8,1.3216177752502367,9.919266183081108,2.884583504181284,Medium Risk
47,31,1,2,3.7638753773447533,3.4539666206359607,2.490199621067708,High Risk
40,47,12,8,6.72262939932566,4.110407805746115,9.391974328257621,Low Risk
12,5,0,4,7.823958086444591,1.6562005941017133,8.092458367534826,High Risk
44,40,4,5,5.307506023881423,2.040730584018069,8.206255930671947,Medium Risk
88,35,11,1,5.898343944397556,6.933950025983777,1.9519381427592553,Medium Risk
52,1,5,7,2.006163711246527,9.170455901544761,1.432959914309344,Medium Risk
41,28,5,8,2.8733033322764943,3.9460495166124057,0.260295498171349,Medium Risk
99,3,8,1,1.6189561005235842,1.7984444683554124,2.3704150891868006,High Risk
62,0,3,5,2.4929535000461134,2.8509949938299406,7.7419049171432475,High Risk
26,18,0,5,2.248867802255318,4.550517048081386,2.4003841876414977,High Risk
37,25,5,7,5.194487863912376,2.906503293653684,7.291032835948762,Medium Risk
59,24,14,9,5.626887557907294,2.3357908312186626,2.5190826536742152,Medium Risk
6,9,4,4,9.449474208215046,7.359844887570795,3.952924979506717,Medium Risk
4,14,9,8,1.9557064710152305,0.07844921240623193,9.831622899114084,Medium Risk
44,21,5,0,6.41675710161496,5.392305273364832,2.448117312841356,High Risk
57,47,2,8,8.172592689875229,7.937668070297539,3.7637062729826765,Medium Risk
30,20,1,9,5.602414637830525,2.662282863174682,3.0108718046521368,Medium Risk
22,21,5,6,2.550036525010757,6.032915106120173,1.0962498633000228,Medium Risk
41,35,12,3,2.625502300200002,6.689001056186178,4.898941421308249,Medium Risk
9,33,0,2,0.3925305307099991,6.5502469640509,3.7869066333300228,High Risk
31,29,6,9,3.054442265484817,4.458496341987177,6.948870858072801,Medium Risk
52,24,6,5,7.446036790033801,3.4657798787577923,8.175945469515462,Medium Risk
29,44,9,0,0.4751775720711038,8.359240730278135,5.442497144956385,Medium Risk
38,27,12,2,2.1929528250483066,7.584459569998643,0.3219642208733686,Medium Risk
30,0,6,1,7.06232498531782,3.212551734139125,6.189223562347216,High Risk
81,48,14,8,7.8265156282287665,1.0301919444220609,0.5539073002093919,Medium Risk
99,44,11,2,4.553184100619284,0.7180754544546919,6.1635632359902495,Medium Risk
1,3,10,1,6.980743384786488,0.9427597789893605,6.850299492691885,High Risk
77,6,9,3,3.8795216865489204,5.8286936119204285,1.9776762761751843,High Risk
76,48,0,1,1.5991324502412751,0.5166217582898969,8.19346148721771,High Risk
92,8,14,0,3.9814949352290654,3.369268749640384,9.110851315740486,Medium Risk
11,35,3,5,5.799678202031428,7.531997019142294,8.130869641138197,Medium Risk
38,18,12,9,9.480532818528904,2.943481665153781,3.0510919021208216,Medium Risk
65,0,6,7,0.6875095208867732,7.633080771801298,5.866430124456344,Medium Risk
95,9,10,9,5.073940938449606,7.454670382070553,9.148151491912277,Medium Risk
12,35,8,9,3.2891977821072436,2.458271326332163,3.206647262228499,Medium Risk
45,8,4,1,5.083116942766946,7.288221800927454,8.20027822265425,High Risk
26,44,12,8,0.23975447376531678,7.477766382721008,0.09475131261696523,Medium Risk
16,45,1,2,3.1302535470158133,3.9745392566702686,0.0364670278467627,High Risk
94,41,6,7,8.19868147527005,2.1042048374151823,7.597116603389674,Medium Risk
97,31,9,7,5.539417338546375,5.212708068918691,7.614475821271212,Medium Risk
59,31,0,2,4.505824928161174,9.213975880001964,7.889771878522938,High Risk
63,5,6,2,2.855250717153396,6.396167324320619,9.300268378881624,High Risk
87,47,5,5,2.980425227913559,1.729224976272612,1.1790631182028422,High Risk
34,37,6,0,3.8310143359058446,6.827569247335199,2.3198498498368836,High Risk
69,16,13,3,8.355707099645604,4.272030272818346,9.037249203738076,Medium Risk
82,9,12,0,9.672132068082684,5.91528797355373,1.7723619777235344,Medium Risk
29,49,9,2,4.386553813503745,7.340640350231079,6.82229267576584,Medium Risk
70,26,2,8,3.9335283874776183,5.149473515144448,5.304630000408154,Medium Risk
73,49,14,4,8.465507758198628,8.139839745733086,0.8319367685150725,Low Risk
95,34,2,4,4.269053206363036,7.221555793166278,2.8526366194153283,Medium Risk
97,20,6,3,5.5201817229565115,6.150733400185107,5.203722164409679,Medium Risk
62,24,12,2,2.3094166459874446,1.507928158323515,8.52350116683834,Medium Risk
27,27,1,4,7.435025357790752,8.359491109115684,7.075384896146737,Medium Risk
59,46,0,3,5.319883182707819,9.35905585319816,6.21883161454933,Medium Risk
78,14,8,7,8.090345502403416,1.3696512380929482,4.960328899414148,Medium Risk
93,3,8,3,7.807327300286698,4.882411294334306,2.986839838141343,Medium Risk
36,28,6,7,2.1500476827002855,2.5888874197050447,1.1924491131926118,High Risk
92,8,6,5,7.156355505577624,7.545233074255647,4.090760345660955,Medium Risk
21,26,2,4,8.000544079513714,7.216296360047,0.28518493911292575,Medium Risk
67,25,9,3,3.4610724078239508,1.408851205703987,2.110558892668506,Medium Risk
19,18,14,3,1.7260911290227454,8.770272712616372,4.324833758726598,Medium Risk
95,27,1,3,0.0263215557958818,1.8097306397800228,4.186051856719151,High Risk
99,16,10,8,4.509036530931482,7.972590256481075,0.442954309969924,Medium Risk
67,42,6,3,3.524327315388416,4.569803596280049,5.890601535252912,Medium Risk
90,40,8,8,5.5490983382540895,3.2827229355815124,5.496842558532363,Medium Risk
63,41,0,9,1.8804109258878576,1.582392626742135,0.7810430402091284,High Risk
16,49,12,5,8.596655476664752,1.676142561466294,9.431630524604394,Medium Risk
11,19,13,9,2.5775521562810964,6.618905547009003,0.9938277895086012,Medium Risk
21,44,3,6,2.2642960508764998,5.504303879471205,8.54834151237336,Medium Risk
16,39,5,9,4.807140564843559,1.220854216512327,0.0030973191500593966,Medium Risk
9,38,6,2,4.988510237442743,1.126978604383252,8.822810950453832,Medium Risk
64,48,9,7,2.1508522878509284,0.7231057477279146,0.19719732204312557,Medium Risk
21,22,6,2,2.7186072672591575,7.437673473735441,7.57812031892116,Medium Risk
89,46,9,0,1.6970523915524494,7.118820852292892,3.6169081130025296,Medium Risk
81,31,1,9,7.184601783231668,0.5843099085457515,7.3821680013631985,Medium Risk
49,46,13,4,7.700890312540819,5.60270075596973,4.017452054249785,Medium Risk
13,32,3,1,4.623284974592826,0.846761552426899,0.7090792233184173,High Risk
63,45,4,9,7.140870226850175,9.037457706089416,7.675066953953641,Medium Risk
46,4,13,5,7.359353919374455,9.071174191801324,0.7125268532136497,Medium Risk
28,42,11,9,1.382755276778086,6.982329898131301,9.22120435961218,Low Risk
75,47,0,8,9.661780248345368,9.2618892143945,0.5097403579166138,Medium Risk
35,33,0,0,8.21031947096431,8.114530304136906,4.793252777715154,High Risk
98,39,9,3,2.044834611958235,8.285385759270493,7.230344308507957,Medium Risk
51,10,2,0,1.8616503574607024,5.6970785056993325,3.9324646479203773,High Risk
75,49,14,0,1.2566114557958274,3.0605919821617587,2.172334745924347,Medium Risk
6,2,14,7,1.3837856254191838,2.177991151164216,7.590909613960271,Medium Risk
28,32,9,1,7.481617990286962,3.272000220389292,7.8429470478872645,Medium Risk
10,10,2,0,4.696542569516236,6.284954300890621,9.226949839543671,High Risk
32,15,11,7,7.829341727398672,1.7265653583239893,3.761651104310777,Medium Risk
5,17,7,3,7.462548943502054,2.586402366373216,5.062517344973268,Medium Risk
78,29,8,2,6.046127135052216,4.680608627954644,3.63128442846072,Medium Risk
31,47,14,3,6.863666065786795,2.3305009852461556,2.570818218513682,Medium Risk
50,9,13,4,0.1835572437914179,5.886436697160616,7.510329615376086,Medium Risk
74,17,10,0,3.1177764680502196,9.231760284563299,3.3965184501695544,Medium Risk
57,37,11,0,6.378221792594102,7.480893657031265,4.28149441992352,Medium Risk
86,18,0,2,0.09344953486244201,6.66426614148913,4.036736576240278,High Risk
25,35,13,5,0.32976943682593407,5.827214759837788,7.1266122564674586,Medium Risk
97,12,10,0,8.518879824703832,4.879479092570649,9.177956261106798,Medium Risk
45,45,1,1,6.840248616920718,1.8656385963465971,6.667560613073773,High Risk
97,2,9,6,2.6536973312034395,8.947104554268655,4.715825960942325,Medium Risk
28,9,1,0,6.87962840118709,2.485360020128363,7.792051147388834,High Risk
3,37,14,6,7.9245666913926325,0.9130887757816075,6.409713241221375,Medium Risk
80,0,3,3,3.0679428311010124,7.500151792286952,0.6061035711781348,High Risk
98,26,1,9,0.3603737749918745,1.756155343311664,0.9566358641884165,High Risk
12,45,6,5,9.327791246877345,3.71895999541176,0.3791694407363333,Medium Risk
38,7,12,7,3.451798382956305,0.2828492829097973,4.568163262063198,Medium Risk
14,45,14,8,1.0648176328470638,1.3706794254044807,8.258534343389648,Medium Risk
28,41,8,5,4.9185687139314735,1.7320363075991208,3.1308316935135205,Medium Risk
28,16,6,8,7.684677956641338,0.5441012775017795,3.8416018309248168,Medium Risk
74,8,11,3,2.2164731461755913,6.566569566228452,9.094771083678907,Medium Risk
31,5,5,5,2.694900501333634,8.370077958031173,8.369034453166549,Medium Risk
1,42,14,7,2.4271498679858317,3.7331540636594096,6.6504811238256,Medium Risk
46,24,9,8,9.916730528316782,8.745764767182006,2.668037820922513,Medium Risk
77,38,0,2,1.9740373373054254,2.1334657456012653,1.170414826884435,High Risk
83,48,10,1,5.75520216966124,3.253904235612395,0.16058822680113716,Medium Risk
21,27,9,5,9.252646416569643,1.5073699303116839,1.0701067260442088,Medium Risk
74,32,8,3,1.4689656887777924,6.205591954189986,2.9259644362394277,Medium Risk
26,36,4,0,9.708541978677003,4.198695908703068,5.517900635794957,Medium Risk
66,8,10,7,9.474772343956246,6.132833468418987,0.6400008275238689,Medium Risk
80,17,4,8,8.845719870582625,7.616749053941836,1.36227778318449,Medium Risk
55,20,5,8,2.1455652133000225,5.457030160329484,1.8108070230794104,Medium Risk
91,1,8,1,6.3405505601098335,6.276303549017879,6.319820929833062,Medium Risk
92,42,12,8,7.608914729612401,9.352503143943329,6.157897989801244,Low Risk
20,37,7,6,9.860279281964297,2.990643096088431,5.507657263721529,Medium Risk
46,39,7,4,1.8042382208137042,3.5916393863395313,2.505014246959396,Medium Risk
79,35,13,6,7.660258995192964,7.177033617093369,3.71119691218732,Low Risk
58,49,7,8,3.3880116992711296,6.113055170553867,0.9668971633774304,Medium Risk
83,42,0,7,1.7562646556800232,1.7853290453971482,2.264606037580549,High Risk
5,36,0,5,4.213769412138549,3.7614731001049018,8.977052264725804,Medium Risk
18,14,7,3,7.9383591214861635,4.67838013124715,9.796917464358284,Medium Risk
56,27,4,0,4.648498037040522,4.193898379683894,6.476595856402946,High Risk
68,17,8,5,5.375231002030485,1.782748083220408,9.168232920234201,Medium Risk
2,33,1,2,9.951594102001213,9.244300917842622,6.427419004014251,Medium Risk
0,21,8,5,3.9910929955742604,7.6231876169397585,0.3319648610546988,Medium Risk
57,10,11,5,6.154007547092398,4.813558321078522,9.96762584986409,Medium Risk
37,12,13,3,3.6524420161537186,6.800610283068366,0.989523016865349,Medium Risk
14,3,7,1,3.9278564632870494,8.972826721355219,6.826418014450607,Medium Risk
33,21,8,8,6.956407534454081,1.3617414236157122,2.5283620307479007,Medium Risk
60,6,3,1,9.378869760948835,2.503730507069777,3.9198111290696014,High Risk
34,42,0,2,5.423589504923214,5.42701247256645,6.459341848009382,High Risk
63,23,0,9,7.683999289487798,7.990103713523586,4.36487349307707,Medium Risk
24,3,4,0,0.8920655881696382,0.3625489544152738,2.5054605893112827,High Risk
23,27,1,6,2.11158037431927,9.840181501963606,3.344461868783247,Medium Risk
11,14,13,0,5.021316409195324,4.5490660288239715,3.4154811692317635,Medium Risk
17,0,7,8,0.2001172362877479,3.59231140621723,9.593239045082138,Medium Risk
14,2,9,0,2.528549787625588,2.9272443783977184,7.98613015923451,High Risk
79,13,10,4,5.174012898249662,1.7435670765087163,4.5854877147940005,Medium Risk
26,37,4,6,0.14961198256300712,7.915739089300279,1.9982092034136412,Medium Risk
71,49,4,2,2.645462862260417,9.554141647460966,8.11016110262656,Medium Risk
59,0,1,8,5.140308194758695,4.136447548453982,1.571824716083735,High Risk
45,37,6,7,5.731492479812457,9.524206947534562,2.104622171420034,Medium Risk
88,37,12,2,9.257516930553054,8.237976154350342,3.6601339184015114,Medium Risk
16,20,7,4,6.4534562325060785,4.810511274763183,8.803481958519901,Medium Risk
92,47,9,6,4.147358025299938,6.740261791261327,1.3178666863411026,Medium Risk
52,28,12,3,9.303511771330678,4.3498417917046295,1.2223419285452608,Medium Risk
7,4,0,4,7.848829833877943,5.587234082125524,4.939749883052659,High Risk
78,48,1,2,2.000089211127476,0.5804633701850381,2.7641054109367467,High Risk
26,9,9,8,1.3084236134881977,6.962634753005331,5.687279416481599,Medium Risk
45,27,3,9,6.75811635742733,0.5282464448413671,4.516366846832235,Medium Risk
49,20,4,8,5.598831655769838,8.170849469196495,4.349591063512168,Medium Risk
70,49,12,6,7.896736137927557,8.249469294605575,1.1197297048699328,Low Risk
2,6,1,9,7.388050500786864,2.370772875562146,1.4104969024984015,High Risk
92,2,0,1,6.25211533857515,3.2366278103580024,8.210785774468501,High Risk
63,44,8,6,9.863821716288921,4.813103785582933,8.858827375717444,Low Risk
43,46,13,6,5.335897301104087,5.9666290693248145,2.346835328852502,Medium Risk
52,19,0,4,1.1310575650171983,2.8735366174199672,1.1346050152476905,High Risk
23,18,12,8,8.282735648159884,5.92486404631925,0.5341667193451061,Medium Risk
59,34,14,2,2.51853362345709,2.9778707322929887,6.082976137418968,Medium Risk
2,3,3,3,7.773021481439183,0.5549072107106068,7.153532125002055,High Risk
19,4,1,0,9.571070960000513,0.025275498319089484,3.728099892032055,High Risk
45,0,10,5,6.967955139643412,1.011510579184286,6.796758674906396,Medium Risk
14,3,3,3,5.960301609498011,7.922507001640183,7.129588155595261,High Risk
24,11,7,0,4.603861756750406,9.614313123833371,9.353422813969054,Medium Risk
93,26,7,1,3.6440986599540324,4.269661992812193,0.6487363783510725,High Risk
77,41,14,2,3.5300475097183623,5.126839534499428,1.922917232310798,Medium Risk
70,22,10,8,6.363727057095906,1.4684816907342613,0.6852598759698814,Medium Risk
16,24,11,7,7.512731169377459,5.51031352680157,8.679939333361105,Low Risk
83,20,8,6,6.785170694844144,1.4465490200697684,7.925871600335686,Medium Risk
99,23,12,3,1.9841010119356273,6.112143311988301,5.74642070621839,Medium Risk
8,24,14,0,4.9398718014349114,9.332586675808539,0.8366341005118316,Medium Risk
37,44,10,7,7.91640072183063,1.956985393030396,2.733123586537196,Medium Risk
47,45,14,3,4.757040781890563,7.64563718057102,2.9771984805851694,Medium Risk
59,31,11,2,5.366232797354939,0.23502422818324042,5.607431960154171,Medium Risk
62,31,4,8,7.711360481708222,3.75497241321621,2.580438940367155,Medium Risk
85,4,6,9,6.6126530626509155,1.1074850783050905,0.7295986391295484,Medium Risk
1,35,2,3,4.093449208823926,3.5247544159569943,7.307623018532993,High Risk
87,45,9,3,8.954127111942189,1.7353691963888351,2.9908021165541134,Medium Risk
71,41,3,8,1.6256706866347859,3.733049901228874,4.5237417702330065,Medium Risk
10,48,9,1,9.955164485903246,4.175228061075304,1.2766663498230535,Medium Risk
63,41,8,4,1.188525784762372,3.0059112278091837,8.025483033945797,Medium Risk
76,38,9,3,0.14949971104238902,6.566219494731291,5.655318769240576,Medium Risk
80,15,9,8,8.900189011487647,9.188520512589097,9.015856262098628,Low Risk
71,32,13,4,2.449535083659561,4.005953741052723,4.954715630653333,Medium Risk
20,48,11,8,7.296996274467209,1.9234315647502143,9.414256718178798,Low Risk
17,20,0,8,8.110153749320693,2.7072275819598337,8.91868204381326,Medium Risk
93,8,1,1,8.589863910321169,8.54000823496369,5.764598564592339,High Risk
63,5,4,8,9.915942356641667,5.716397232701479,9.338934381498634,Medium Risk
81,44,2,2,2.9403971003999905,4.550110323069573,3.230887472945523,High Risk
94,34,1,3,7.102433419272591,1.496367215089267,3.6564216270421133,High Risk
37,38,0,0,1.1539985828082822,4.497273083237819,0.45477951306036934,High Risk
31,21,9,0,4.068092913568494,2.784920033573867,5.892009067638531,High Risk
10,40,2,0,8.479716933125903,9.431631278533493,7.219239699289334,Medium Risk
44,4,0,8,3.6765804605910835,8.840701094157312,7.735191902421032,Medium Risk
88,41,11,7,5.91095380535614,0.8390254182819801,1.498162860461033,Medium Risk
32,22,0,4,5.037734437246341,5.166534892612429,4.441590723125003,High Risk
40,16,11,4,6.459515311120451,2.250583455146721,1.7686321209391564,Medium Risk
7,11,0,8,9.728943893876949,4.107770895242906,6.621273488542489,Medium Risk
10,22,7,2,0.5573552650140212,8.768479982514565,1.5794637242176812,High Risk
85,15,14,2,5.739615175016297,5.275145198885448,9.041636839560748,Medium Risk
50,2,2,6,8.630287792502848,3.3421529337075984,2.3063464566141336,High Risk
87,29,10,8,4.813827117484275,2.0788835410499704,2.9140226628824486,Medium Risk
40,21,0,5,0.7852718594157282,8.003248594064893,8.509063221509997,High Risk
16,8,6,1,5.605393524167709,6.245180153643472,4.584676101457238,High Risk
75,28,9,0,3.320738908238204,4.680654604262312,0.23995945800073026,High Risk
45,46,2,1,1.549417853379359,2.1748435386297804,4.945862512026458,High Risk
31,36,7,0,8.49034513283473,3.342463741571313,0.8454333538012304,Medium Risk
78,22,3,9,5.215995129911216,9.598434267385185,9.853447186873106,Medium Risk
79,12,3,9,9.332764123790668,5.200899376058343,5.881115704556024,Medium Risk
53,31,4,8,8.06016504603069,4.00699281243253,2.5653261761097843,Medium Risk
85,45,5,9,6.929717937736673,5.214220423483239,5.637176795476178,Medium Risk
91,46,6,7,0.05025503365311934,7.789885058996086,0.7686710338175484,Medium Risk
19,47,13,6,4.278234566382499,3.401089365028688,7.99891304268817,Medium Risk
32,22,13,2,1.974862816520323,1.7870612093260885,9.253280538641636,Medium Risk
73,44,3,7,9.107979110488678,5.849361183390478,8.744443882061596,Medium Risk
39,16,7,1,1.7458398467636027,6.652041034810672,3.417576022985628,High Risk
31,39,12,1,2.860600516592855,7.127180029585496,3.257681196433685,Medium Risk
96,20,5,9,5.168367677344992,8.819875907661297,0.35087611216299996,Medium Risk
1,1,13,2,2.6336361899807925,3.7117412068911304,6.514003587009167,Medium Risk
96,36,0,6,2.098646772791212,0.753548962288918,5.349047841897949,High Risk
32,5,0,0,5.990993251027525,9.583485836309421,4.5934637132734135,High Risk
76,43,8,7,0.8892952275502386,4.350119274374752,9.07630953334707,Medium Risk
29,17,9,6,0.5816775872092472,6.232575096731313,1.678789010828463,Medium Risk
32,29,5,3,3.7224529518607143,6.663053231282923,0.09666266690182335,High Risk
76,21,9,4,7.206644545078623,5.465137087012035,0.7331645212076543,Medium Risk
25,32,7,9,5.548067582739479,2.0525752973627007,2.233714378273689,Medium Risk
21,29,12,0,4.228764684667788,7.5514305011614145,0.3328554926345695,Medium Risk
65,16,6,3,5.657515642245824,8.037519743040816,5.028437106431355,Medium Risk
37,42,11,0,3.654514846532736,5.529755860174398,3.1409045523357806,Medium Risk
89,31,5,0,9.36146335432113,4.885611605848416,1.8048300806813267,High Risk
45,41,3,9,0.5490489091077433,1.1393818312798532,7.500840749486621,Medium Risk
14,13,6,0,6.733914790298352,0.8395166149978384,2.0445132623253004,High Risk
97,9,8,6,8.912826648277505,3.3956484556352873,6.876051009937933,Medium Risk
43,46,13,6,8.038847087352535,3.1084615551739327,3.492649058476389,Medium Risk
48,35,10,3,1.8404103482144674,9.536564509632711,5.118277606625545,Medium Risk
74,33,9,1,2.9592634898028836,7.8362274244342975,9.338670398513198,Medium Risk
60,8,9,2,7.1704793870710475,6.5992429525906,0.3735163481581283,High Risk
66,41,13,7,0.8427055918076554,5.176480890176051,5.002645074774619,Medium Risk
5,27,6,7,8.118616998325841,1.6736753072665134,8.544229603276182,Medium Risk
8,10,0,5,7.189069446047903,9.78456672184284,5.879742483703485,Medium Risk
5,13,9,9,7.296066492353425,3.7504069824021,2.7687051696515663,Medium Risk
72,38,8,8,1.002413702675914,1.069256024472448,3.976811351450343,Medium Risk
94,46,12,8,7.177605448162309,4.937988957157461,6.802656287285745,Low Risk
31,18,3,3,6.7981812521997,8.739980116130832,8.90811894313803,Medium Risk
40,14,14,0,8.309224908218505,8.872910017773295,0.41066373746611595,Medium Risk
75,27,2,0,0.415959562564695,0.10965916056447256,0.7153882189037641,High Risk
7,23,3,9,0.23110668467792195,8.862957447513997,3.2505152360958753,Medium Risk
71,7,3,4,3.7300709987856076,2.7148421749985854,2.32779684437479,High Risk
49,42,12,1,1.4878828384915288,0.38972363968423074,2.64930886222406,High Risk
91,8,9,5,5.583844775702219,8.477902703628743,2.2126999862588095,Medium Risk
61,46,10,6,9.173489015067489,8.638667559882084,1.9582504885515772,Medium Risk
83,32,1,0,3.9147973033401575,5.9623107984235,1.3062396686929179,High Risk
61,32,13,5,8.449503772726041,5.744337572963584,9.33954131795238,Low Risk
6,18,11,7,0.0024087451786647396,8.131202726214195,1.4418946390615306,Medium Risk
74,2,13,4,1.685146434591842,7.863095527102798,2.044037747655362,Medium Risk
83,9,0,6,0.3042353965408562,8.90105473442704,2.4626572398078572,High Risk
79,39,11,9,3.2814718051506864,5.5274744759670345,9.330148731304206,Low Risk
3,46,9,5,9.081895956965027,9.676470927328086,7.557141336010847,Low Risk
5,41,11,3,0.9695212359898775,9.961468309333384,7.896994303155147,Medium Risk
57,0,0,6,6.064097767438003,1.1654460999863259,1.0475825953849804,High Risk
21,28,12,9,4.5149593911944415,8.49543759554122,8.363098750156716,Low Risk
25,49,13,8,9.384682123658125,4.99822257748589,4.08193081817418,Low Risk
2,33,7,9,1.2251914253709384,3.8756633829983214,2.6282302621238873,Medium Risk
40,12,13,9,2.1202785050222897,6.13072309882715,5.757500835203105,Medium Risk
59,0,1,6,0.29541968611493274,0.5596555726200703,8.221829058167339,High Risk
13,33,11,4,4.3393524963137375,5.064611187670799,7.786521510749093,Medium Risk
74,28,9,6,2.778328995646543,8.708905700266667,8.89997482581132,Medium Risk
81,47,4,2,8.69905933890321,2.134615161389688,9.281321860154438,Medium Risk
11,46,11,1,6.04940813197755,4.263898947694251,2.3812207142774957,Medium Risk
86,12,3,4,6.140907379757017,9.394808877148755,4.238578941692717,Medium Risk
11,47,7,3,5.319106968813024,4.285638378056973,0.14628539205070012,Medium Risk
12,48,1,4,0.91850337229201,3.5836763233239832,8.7932165926506,High Risk
24,28,9,7,4.450186837253552,4.4053664812337825,1.5457215147476755,Medium Risk
44,38,8,3,9.995051897085165,5.194527665175563,8.614748123426942,Medium Risk
18,23,6,8,8.352292908460148,6.3199134413146885,3.2938732198659637,Medium Risk
54,25,14,6,8.93459054167116,8.00692800916731,3.681335899811382,Low Risk
99,16,12,9,8.232263592464994,4.521022057643142,0.39132254483859374,Medium Risk
44,6,6,6,1.0304169343098268,8.174809350901404,3.268787897653196,Medium Risk
7,12,0,7,2.2744825406479965,5.337206613520806,8.88363682801264,High Risk
92,4,13,5,0.03121651356409627,3.384805103679777,0.2554740112160414,High Risk
52,25,11,7,3.035101248781115,6.579508281194142,4.063274730467254,Medium Risk
54,48,1,2,1.0860740234649258,7.177222547434914,0.31399629812741137,High Risk
31,2,3,9,4.72793345301583,5.580489756294876,3.7092342510906495,Medium Risk
50,6,3,9,6.771274885739019,0.5661497313472341,1.7264064078029118,High Risk
43,48,10,0,8.74505295038077,1.698828751608249,2.5221839326837205,Medium Risk
81,38,13,5,7.492171650908982,2.8529772089022822,8.77598373161419,Medium Risk
69,0,2,0,9.385855957785052,2.826256059514931,4.36049220621891,High Risk
17,48,6,8,0.538982903937888,6.734208002468706,2.737979914019122,Medium Risk
82,16,11,1,0.1217983541654144,0.18348661673632582,5.893383779505478,High Risk
21,42,7,1,6.613381138362127,7.556817770495199,1.4210695983258237,Medium Risk
36,24,1,6,2.8935241022224623,2.653424748069332,2.5939160742085585,High Risk
95,2,3,1,2.5350101610577314,3.100218462161024,5.462479676028885,High Risk
55,14,13,9,3.3088708769379425,5.279098279439243,2.3752304184806885,Medium Risk
58,28,2,7,2.6979605789236416,2.1592560093895754,6.791277374008732,Medium Risk
2,42,1,5,5.114364063015873,8.844713135755276,4.9149130225952256,Medium Risk
27,31,11,6,4.401484472241325,0.8536877932656528,7.719890702546909,Medium Risk
73,25,12,6,5.124285513766563,4.4438236230106485,9.482445357224686,Medium Risk
34,15,13,5,6.727136115004361,8.494222694548899,1.1580488934740774,Medium Risk
60,24,5,9,3.871305089711483,6.1584389442123575,3.3466500998454487,Medium Risk
92,27,12,8,2.5130768714215677,2.9232951584263347,3.1954906287840656,Medium Risk
53,8,3,8,1.6620053680874547,4.207602077764607,1.5118291933725425,High Risk
62,0,5,6,3.494741195326255,7.066943803425146,8.103031373334709,Medium Risk
78,28,1,8,7.418064752461721,9.732607433638993,7.5987870403879,Medium Risk
96,21,11,9,7.567049101114696,8.931387183794335,4.84425470834399,Low Risk
6,15,3,2,6.669053866842103,3.4243280838237675,5.377707777946096,High Risk
75,40,10,2,2.340281753068746,9.981978792878575,0.5954413800249625,Medium Risk
48,43,5,0,5.880862458546977,0.03504663531058272,5.5550735232704564,High Risk
93,40,13,4,5.70689661576848,0.2762975580841509,7.913415240196365,Medium Risk
84,6,4,3,4.842661981097255,8.238405151711937,5.738275735838572,High Risk
30,13,2,1,5.499789863838642,1.9946268683305202,2.6530637012041893,High Risk
57,28,7,8,4.917906326236681,0.6076926839624086,6.6754827233433724,Medium Risk
60,18,6,2,5.654563660741082,2.371480732365022,3.6148842996524766,High Risk
23,18,2,7,7.155059546211287,4.261001539808602,5.4487328428573525,Medium Risk
19,1,5,5,1.0962819440343974,7.305662704334049,4.8756536327892475,High Risk
36,40,3,4,7.496257521490238,6.243355265512055,3.811750009651801,Medium Risk
3,44,10,0,1.358861501275942,2.3762121756042043,7.188779803941351,Medium Risk
91,14,4,3,0.666279984103747,5.032704481005844,8.838761119858818,High Risk
19,2,10,2,9.760796862214676,9.262141053985687,0.05212518476924943,Medium Risk
59,10,4,0,9.569917688704415,8.150077769837576,9.336165192303673,Medium Risk
23,45,6,4,0.6043654494056405,3.231897848317934,5.115151360832249,Medium Risk
49,29,10,5,4.432534414749622,9.822645613556963,7.007318803632652,Medium Risk
48,39,4,1,1.8624493829977473,7.08620400435131,8.556245661758771,Medium Risk
50,17,10,2,4.85344897134418,0.6244935566678178,4.671036923142699,High Risk
95,47,14,5,8.301772429995873,0.3516071328863868,8.349740733648902,Medium Risk
35,1,2,3,9.506117747428902,1.6840794901002998,1.7761981945520222,High Risk
97,31,9,8,6.342526534515374,7.278558680501468,1.5916753447981447,Medium Risk
99,7,4,4,3.5390566721181704,1.837389258424279,6.574713688561536,High Risk
65,21,6,3,6.033255656445984,5.114867692088335,8.701430055517372,Medium Risk
78,5,4,1,3.1200130610845034,0.9326012018083174,8.924261775360394,High Risk
33,11,4,5,9.098236408320604,9.208861578301951,6.437404583772466,Medium Risk
35,46,8,9,8.70400463105837,3.4396061358356755,5.254892302093175,Medium Risk
5,39,14,1,5.582317502796609,9.081320565606308,3.313930876965162,Medium Risk
38,35,2,6,3.2479891538036054,9.448756419105443,9.800004155993314,Medium Risk
41,14,12,2,2.9338967558297835,0.061286473136807906,3.1969568666625046,High Risk
57,27,5,8,0.3341799470505946,4.64135187198732,7.441861072315932,Medium Risk
11,48,0,4,8.158208510252953,0.24656055706892888,5.319817999050008,Medium Risk
2,44,9,7,4.50383213039008,9.086927663029059,6.085123425253467,Medium Risk
17,17,4,5,3.251329284002644,5.184075447345759,3.9348055058862617,High Risk
39,1,7,9,4.711103549977539,0.7494401269849682,9.648231254722479,Medium Risk
20,12,4,7,8.18737990454652,1.1027672827656687,5.716823260992711,Medium Risk
14,44,8,2,1.2461420770752119,3.8350902449273905,9.3778763045879,Medium Risk
96,14,10,2,8.576559882418273,9.402341928728895,0.07591416173914123,Medium Risk
98,19,5,4,8.97508835108354,6.929091515680809,5.726705831911209,Medium Risk
25,28,7,9,9.467079150338883,8.676188661891324,7.171868897252715,Low Risk
7,41,9,2,3.974879924226278,3.6645664633997965,7.45080171162218,Medium Risk
99,28,7,7,2.1714040403767187,0.4321369954999832,9.049768817816814,Medium Risk
93,2,12,9,3.7364081846669848,9.743176372044141,0.044016090037862776,Medium Risk
86,18,2,7,3.3291209623140325,0.17172990662369547,0.0033015925947643687,High Risk
41,2,6,1,1.7615391250286005,9.47651653081089,4.722634607952153,High Risk
43,13,13,3,6.07266670101488,3.686774238491447,0.2929370500537065,Medium Risk
13,39,6,9,4.766241605086289,0.10090405021881521,9.745325536623746,Medium Risk
77,3,13,0,8.657009923240036,6.891572317245083,2.2206517454139196,Medium Risk
1,10,9,3,0.32109580482058253,9.805403040313541,4.726647293648448,Medium Risk
36,30,11,3,6.438679275551263,9.656257228375924,0.6113763001222361,Medium Risk
68,42,5,9,7.629488785115611,1.6093701120241843,5.2204841617125854,Medium Risk
37,31,11,8,7.59486569188307,1.8124780606615498,3.799561251474085,Medium Risk
40,26,6,2,8.860739670955251,5.655389146196601,0.44660028877223756,Medium Risk
61,29,13,1,7.290337428294941,6.373048264283244,3.3512426669622473,Medium Risk
59,42,1,8,9.278100616476962,7.394179136658656,3.914360202228556,Medium Risk
13,1,8,8,3.3265659982089146,1.810503604721475,9.8992149127494,Medium Risk
88,48,9,0,5.032094167515431,9.590070867644345,2.0788587191937546,Medium Risk
83,8,9,5,0.14079663282890675,6.387392562892379,5.447796153700997,Medium Risk
1,27,0,9,0.06957587303291213,8.470469188705549,9.873155491986287,Medium Risk
69,30,0,7,2.401266204515199,5.400657152841718,7.920192079401351,Medium Risk
16,33,2,2,1.0080719713908526,4.142768475898826,9.93367500882089,High Risk
88,14,13,8,2.602113679357536,9.771829065949959,9.682983146601693,Low Risk
27,47,14,1,1.770432945283974,5.821213708198361,4.895395420941543,Medium Risk
65,24,2,5,0.2852002483864824,8.668735827991789,6.9637584987056576,Medium Risk
34,35,0,0,9.093041464060494,9.532923963662899,1.104431269411511,Medium Risk
4,7,11,6,0.08223131388891525,6.753546270086592,4.411488250468018,Medium Risk
64,8,6,2,7.360821443370854,5.489386785186749,8.090185422666975,Medium Risk
39,36,3,6,1.5214788691951653,0.0351085091065062,5.0533532097714335,High Risk
75,47,9,3,9.122296219996,0.4001964073900599,7.026990328172319,Medium Risk
55,44,12,8,8.927959395898858,2.008512160511163,7.45751329984277,Low Risk
35,38,1,4,6.539011463692574,1.8600843185599525,2.5346914124289386,High Risk
44,31,9,2,6.722341498006052,2.5475879519984534,8.756993729425655,Medium Risk
22,16,4,7,0.053391419696885434,3.049346376976608,4.59822430909179,High Risk
46,34,5,5,9.848715661136021,3.6006549355072828,2.1018510362154377,Medium Risk
30,36,8,1,8.778326035758145,4.205376900688766,8.654158817884438,Medium Risk
10,18,3,2,8.95106225730092,0.9886633845601467,4.178188061062537,High Risk
9,43,1,7,6.592445370508719,0.4236193195278204,7.503124383797197,Medium Risk
66,28,4,9,3.447869286545365,6.739444490730234,5.480330722215929,Medium Risk
13,6,2,6,8.936486490904809,5.373348248430777,3.818717522345004,Medium Risk
79,27,1,9,2.9151692815119237,4.441442022201196,8.098764150385694,Medium Risk
73,8,11,5,5.627115433422029,6.344399411683524,5.84469931644613,Medium Risk
92,27,0,0,0.997309723438824,8.276794072035404,3.9056210242703173,High Risk
9,5,9,8,9.219556301327502,4.276929091162046,1.0959787033512702,Medium Risk
75,28,1,2,1.4077045777121333,6.411194650519794,8.954453137667079,High Risk
93,16,5,4,2.2489680573040727,9.535722238351587,0.35469585341666554,High Risk
0,15,7,6,5.58134158128215,8.396244958615608,8.631873483680563,Medium Risk
4,22,12,6,7.640930002129815,4.260008105024094,3.5996152488315545,Medium Risk
19,30,2,2,6.1935130593629895,6.447168378147429,6.393387635014058,Medium Risk
7,2,10,3,2.3213391280015614,1.7707092191593976,9.221997238356852,High Risk
42,20,14,9,0.009430425274903342,5.605221848950899,1.5170661550389841,Medium Risk
75,25,8,6,7.571505803074392,9.813282911384428,5.669504756388102,Medium Risk
0,35,14,7,9.852073259110938,5.183151152025223,7.64432862370192,Low Risk
56,41,11,1,8.099131203060905,9.276382991901473,7.575838327190574,Medium Risk
63,36,8,8,4.602066181566153,4.073349205032607,5.25631914599504,Medium Risk
83,21,1,6,9.037672613991067,9.988448271846313,6.247394599064581,Medium Risk
27,41,7,7,4.0984767311835,5.792200352275579,7.575269941328445,Medium Risk
36,11,9,5,5.249340842434675,0.42268994235934554,8.410276377574117,Medium Risk
46,41,10,5,4.771297673956832,5.867547966913881,7.618130968758638,Medium Risk
75,12,11,8,4.476238726655249,2.7457269567959663,3.5400494318124265,Medium Risk
36,10,4,3,7.751907692939057,0.3248132203589471,9.967264010577331,High Risk
48,15,3,4,5.26768907269492,8.208533046946634,4.345026937193044,Medium Risk
43,7,9,8,3.1671712202521607,2.757296369807559,0.2446470275893342,Medium Risk
55,39,4,0,2.581581676584783,7.965485540464985,3.6261695158546203,High Risk
27,39,3,3,0.37747316967433386,2.88217582955867,1.2778295457384325,High Risk
78,44,7,6,5.83195161883046,1.9432635387377428,1.21442615728375,Medium Risk
5,1,3,8,2.2996141540103423,9.739355741044275,2.8153504010689434,Medium Risk
60,29,12,9,1.481339220163831,3.6164532775501956,0.5337549417726084,Medium Risk
19,29,9,5,6.538299638276777,6.0137621144316045,6.88512188409563,Medium Risk
77,11,11,7,6.812092578215489,6.099814928144715,0.7398888420190508,Medium Risk
1,9,12,8,7.52154892257666,5.604734821735018,2.0328955543595617,Medium Risk
72,43,13,9,5.035768963385915,9.146957435212146,0.9289971449411938,Low Risk
36,10,5,3,8.940546052038865,6.744410713668685,0.6316773090303107,High Risk
19,14,1,0,9.363427533982279,4.037330041049302,2.677516655395417,High Risk
25,15,4,7,8.073709397924894,8.62380384524274,5.7189896766037,Medium Risk
28,16,5,1,6.355934820081872,1.810628991159644,9.646855564468417,High Risk
0,25,4,0,3.0372095359118867,5.442367576104175,8.755566543496062,High Risk
34,1,11,6,9.829449216202212,9.505503719437563,8.759339254453248,Medium Risk
69,49,1,9,2.7413616719193836,6.253976298804127,1.760670360376576,Medium Risk
58,11,13,8,2.0265692199043106,8.169684504748762,2.649071934978201,Medium Risk
68,25,6,8,4.421541137865828,6.535607255451929,0.763933167953057,Medium Risk
32,22,3,2,0.5684057071238846,8.393708635378903,7.7846833991518505,High Risk
50,17,7,5,9.784944646717907,9.444878798452436,0.6981630148556195,Medium Risk
77,31,6,6,5.884335564164248,2.7292172753273682,5.566956708208533,Medium Risk
11,48,6,9,5.5695209166417525,1.6966108125671886,2.4787557232395074,Medium Risk
19,37,8,8,6.557962798997199,4.839907503325399,2.4344563402874475,Medium Risk
52,46,0,1,4.970236477772066,7.018624268242158,9.907250552476052,Medium Risk
87,2,9,7,0.3206351709454158,2.271912531822161,7.567798069785374,High Risk
42,37,5,6,6.123112888403968,0.04101450430167075,8.3693935829105,Medium Risk
97,2,5,3,7.161738769564306,3.4293511583670533,5.719826853440127,High Risk
88,29,5,1,4.1674906062405315,9.688593354677884,8.710142873937492,Medium Risk
49,0,12,7,7.57295572071193,6.949674606058467,6.454905391663529,Medium Risk
28,29,11,4,2.2700129933842064,4.01325443941224,9.461737047963453,Medium Risk
56,44,5,5,2.2127659106618403,1.9257609734684034,2.8133858604563677,Medium Risk
38,31,11,6,1.6141698768757395,3.56089673754747,5.953195457828951,Medium Risk
94,27,9,9,3.7199475978916183,1.6983943330124796,6.9013134793689215,Medium Risk
55,20,6,0,8.470120353890835,1.063058213129514,3.9293730502780666,High Risk
42,45,13,7,8.279120621490643,9.067423725725538,8.797079824040532,Low Risk
49,12,9,3,3.828242079635038,9.976503383754736,9.798031631041544,Medium Risk
22,26,5,8,5.891187359802366,1.641144395957903,4.937694913726616,Medium Risk
43,35,0,0,7.208163164749156,0.5452255887827973,3.9064065480433907,High Risk
37,6,2,1,2.41206774628023,3.2973110714621234,4.719379285564587,High Risk
83,21,1,5,1.6814108589474708,4.616591807614153,8.527367457319317,High Risk
22,9,5,9,9.72095993212311,2.0482124707585445,6.454684255181676,Medium Risk
44,38,7,0,6.175573132096185,3.0142491179855844,0.4477237251809507,High Risk
51,14,2,3,9.81415721833664,2.008707356916577,5.421699104457148,High Risk
79,14,9,7,3.377559871322291,7.742605684324513,0.17300122740969814,Medium Risk
49,3,7,9,7.030316999741315,7.125779432472608,7.785353710034054,Medium Risk
7,31,7,4,2.2260363654123774,6.349515157609817,3.2831227354246373,Medium Risk
84,22,4,8,2.6120017127391293,3.8721785707920473,4.720074821173293,Medium Risk
0,5,7,5,5.119021212696239,9.09040941314236,7.9867810590763195,Medium Risk
7,23,5,0,3.1961812550807123,9.6953254153502,0.46448817285761557,High Risk
28,19,4,5,1.6762156384058446,1.73639312625412,1.5854153559161044,High Risk
95,36,8,5,2.62880701989326,2.2301264141187804,3.9796037644511486,Medium Risk
4,19,13,5,0.3574839446586464,5.256310280003697,2.299251635455606,Medium Risk
85,11,6,7,7.044236214774866,0.9125056928224529,3.3790142577506312,Medium Risk
46,32,7,5,4.921166570858616,4.364483988231128,9.98174737892465,Medium Risk
33,27,0,4,0.9424306640452562,5.817912647777101,8.254144375738107,High Risk
64,7,10,1,1.716939931284912,5.220735711373331,8.839018149601085,High Risk
54,0,1,3,1.0253453811264401,3.3090858307802606,9.370546335657753,High Risk
89,36,7,9,6.125928082758765,5.424458060772068,3.4093588031419566,Medium Risk
42,21,11,4,0.942103636124938,9.588009542588479,2.970769577964727,Medium Risk
73,5,8,9,7.542823330352161,2.0601740429137605,2.340624925720749,Medium Risk
29,20,3,3,0.20510919320391174,6.548313583940036,8.301169113081226,High Risk
81,31,11,1,2.4937578799589213,0.4339669415605185,6.79551862285185,Medium Risk
16,34,9,6,8.906666758919071,0.6641640448143493,2.361719824828773,Medium Risk
25,14,10,9,7.18531318122246,5.51828224223585,3.769938292104549,Medium Risk
7,4,9,9,0.7296833292568772,1.0493918032794947,5.067117639327982,High Risk
46,45,13,1,8.211261044851797,0.22346788426857334,5.281400572737537,Medium Risk
75,49,8,0,4.930351215402048,1.715129976480222,8.887277285517147,Medium Risk
90,47,3,4,8.467830271688292,5.648491709995744,3.805661329472163,Medium Risk
71,5,9,0,6.007397744503934,7.033409545189324,9.085240305005124,Medium Risk
88,24,9,0,6.818330320328587,2.0247856414138,4.4136756031978965,Medium Risk
45,45,9,0,9.935015603957082,6.682594372081745,7.463726747923538,Medium Risk
67,39,8,5,2.3233554592401817,1.8247633109922934,9.302543199850561,Medium Risk
32,28,10,8,6.239455747613883,6.134574266312571,9.075757039632663,Medium Risk
0,6,6,9,4.603213900573984,4.119596798957988,0.5695286729568116,Medium Risk
18,39,1,0,0.39451952922691436,6.537995093336168,2.057042949765698,High Risk
30,12,8,4,0.14470641502865034,9.950527524792474,4.769054255322751,Medium Risk
79,37,3,8,1.1922857781785867,9.378169652325619,4.3155428995310725,Medium Risk
13,17,7,8,6.490917405385481,0.04281757836103628,6.40891664837207,Medium Risk
52,1,13,0,5.671630879133922,8.854387643623058,9.447090508254123,Medium Risk
47,7,6,7,5.534295611637274,0.6649079517476653,1.1240471127794882,High Risk
68,10,12,0,0.31856762528260085,9.530465861598449,4.518586651342405,Medium Risk
89,32,14,7,4.69302996360007,2.818256790996847,1.9241103788713931,Medium Risk
61,37,6,0,9.246228178425286,3.8203483041127093,8.941075983979475,Medium Risk
91,47,7,4,3.975918693106466,0.9163820517572785,9.645801858016528,Medium Risk
65,26,0,7,6.249224697884563,1.122727583289096,4.787016818903501,High Risk
63,19,4,5,7.798186756231436,7.2674056522931965,1.0401029772814074,Medium Risk
69,11,1,8,7.839252791418875,9.443322357482916,7.852946667226732,Medium Risk
62,42,1,0,5.192800823952713,6.107484949543095,6.97141350492399,High Risk
72,30,14,8,8.579519454023362,7.1585001552681105,3.5467082661031046,Low Risk
32,26,0,0,3.9137809336374696,7.619697445971535,8.874074739689634,High Risk
40,31,4,9,8.886932147847983,2.6281427455294173,9.758318897827072,Medium Risk
88,9,1,9,2.402271663955453,0.45229630920214925,5.578538491301954,High Risk
47,2,3,2,2.8021640699057104,0.018727439191685846,5.6572791134429234,High Risk
12,44,2,0,0.531206241990011,3.5064928295401865,2.9751350511377783,High Risk
72,26,2,2,7.955818365422829,2.414642281992161,5.845060359833142,High Risk
76,34,1,1,4.170552362327056,0.6231772504918565,4.396423205248466,High Risk
30,30,12,1,2.29116613911399,1.7952829249366675,3.021910269280519,Medium Risk
74,14,5,8,2.3179027761657967,1.244988982679478,0.6718519652390131,High Risk
67,15,1,7,9.013999412292332,9.148783806173704,2.527078597091249,Medium Risk
97,12,13,0,8.33916600461037,1.4026721345916893,1.9785464967766442,Medium Risk
3,48,13,3,5.535308853571833,5.376484639876792,5.420419845539489,Medium Risk
18,34,7,0,6.161108004157211,5.9310595511216455,6.016700217635939,Medium Risk
69,10,7,0,4.74325570550291,5.434894577086338,6.085717243060165,High Risk
97,20,12,3,3.9166654287880887,0.9905643421598798,3.8818100104567907,Medium Risk
81,10,13,1,9.154768812183315,3.187983617505512,4.212297336854959,Medium Risk
12,29,11,2,1.2561270352030207,0.5127033246315327,8.3423842964064,Medium Risk
22,47,4,8,4.184467897162279,3.95669914096316,4.762328135171624,Medium Risk
82,34,9,1,3.445619079878753,1.88598931271592,9.877733321371224,Medium Risk
74,21,6,3,4.981507202511484,5.616325332843798,4.396172300088649,Medium Risk
0,37,3,0,4.576318745451751,6.928083938491005,6.49580944617839,Medium Risk
87,30,0,1,5.1888953165108145,5.3211986020470645,0.503629989933958,High Risk
53,13,10,4,1.399189772269941,4.342366966113957,6.533399244188108,Medium Risk
70,23,1,9,5.131415015132771,3.8733342085669245,8.514263944150061,Medium Risk
88,49,9,0,2.4241881388721085,8.416917680970037,9.424578385332962,Medium Risk
84,48,9,6,1.8433134898819126,2.1936806506527007,9.973206116397705,Medium Risk
14,31,3,3,0.6483421878619122,7.342183395288688,2.8217864564923314,High Risk
64,35,0,5,7.626525587561409,7.57482324740119,5.753700648257168,Medium Risk
75,31,14,7,4.274419208565599,4.192000072707344,4.507179855321474,Medium Risk
70,14,12,5,6.2664368331175835,2.973005992256393,5.63817480575171,Medium Risk
14,42,7,1,7.275933433047434,4.7054148604597525,1.5745295718984664,Medium Risk
20,34,8,0,6.793166653135535,0.932139258926985,8.561495725959414,Medium Risk
18,2,3,7,4.705007190896823,0.4593003222908998,9.095689433445877,Medium Risk
59,15,9,7,3.8789852895172983,1.1160319945189179,4.496616631129226,Medium Risk
92,4,2,8,3.759599096406637,1.8714503146222616,2.8042986157357683,High Risk
88,20,1,5,6.400487969300563,5.04176820338043,1.4083342765301232,High Risk
32,9,4,0,4.947943549418734,8.49136636161122,6.837648247778044,High Risk
48,18,13,8,8.491322479885106,2.35642331999687,3.122318396207352,Medium Risk
95,24,2,2,8.747019843267122,9.351620107467781,9.095385699133887,Medium Risk
34,3,9,5,1.7056037800651846,9.549079089350034,6.710124748448701,Medium Risk
43,28,6,9,1.3623365154572564,9.589046048452053,6.456853251742407,Medium Risk
89,18,10,9,6.3040092603599955,8.375627346763238,5.594021158982408,Medium Risk
10,42,5,8,3.012257480622794,3.638250407977206,0.4577633942872561,Medium Risk
98,1,0,2,0.1857071876509886,0.7268391100262306,9.31922435685587,High Risk
71,9,11,4,8.88642669362955,5.688187317664949,6.2793749329946005,Medium Risk
77,42,7,4,2.2690076724380823,5.586814439372337,9.940619833831104,Medium Risk
73,24,1,9,9.292806516858091,8.499757671095956,5.373564047728871,Medium Risk
65,19,4,6,7.174344508782537,9.959910509461052,7.101108919062131,Medium Risk
45,47,8,3,7.6265348991148425,5.081573065601476,0.5620955786622217,Medium Risk
8,18,7,3,2.014614957931604,3.4520403103978428,6.317361768234109,High Risk
2,22,1,6,2.341944256168129,1.85901711556267,7.646496115903573,High Risk
84,23,8,8,5.212677538240658,0.04799824817370735,7.785142948525573,Medium Risk
25,10,4,3,1.7209985264986216,5.091136924888792,7.701116522302854,High Risk
71,45,9,3,3.0543169268303227,5.555186667025957,2.2628262729366764,Medium Risk
47,33,13,5,3.2146247794780445,8.249384798173974,9.75398477605226,Medium Risk
65,27,5,5,1.596299332527641,5.045769678928006,9.951821206249388,Medium Risk
69,4,12,6,2.0518283339516072,9.164683486660564,0.7559587516160127,Medium Risk
27,4,2,0,7.885518420082565,6.280834765714355,9.364464228117573,High Risk
92,20,12,2,1.6719585454726837,8.403362382210831,2.8944919430436933,Medium Risk
25,11,2,8,0.28457391843922486,1.483017348077471,6.892840817509648,High Risk
24,49,9,5,6.293549426289385,8.553361303023147,3.3811092073613214,Medium Risk
11,3,7,5,9.7598311939245,6.751438544438484,9.677543233731216,Medium Risk
4,48,10,4,3.312138146231214,1.7023303243833054,1.0150385830353548,Medium Risk
97,41,9,2,1.186557031962523,1.8976355814601087,4.97746816956376,High Risk
47,19,9,4,5.703873253675308,9.265006190442213,4.280477919420747,Medium Risk
36,37,14,0,9.063542110956462,0.32215360450372876,3.2602345227798493,Medium Risk
78,24,11,2,7.8406177982847876,4.625349432957061,6.455339908801486,Medium Risk
43,13,1,3,6.22515868412716,3.1347528993410156,1.3105574342166748,High Risk
99,10,10,4,3.1505649660759936,6.6507743999842805,7.166624181336969,Medium Risk
14,31,11,9,5.4188017327622,8.39629387568992,9.805921238047873,Low Risk
42,10,11,8,0.9124484130425536,3.6037812155656956,8.045587144686301,Medium Risk
47,17,1,3,6.789454242806699,4.269020873228372,8.600167529095454,High Risk
86,26,12,2,7.250960188976508,9.819177845014142,3.596367431790025,Medium Risk
69,17,4,9,9.650316229099188,7.839165096792028,3.248866064812187,Medium Risk
45,22,5,0,2.6039735874507164,8.972041309317914,5.170483546901332,High Risk
42,10,11,9,0.18456419043022643,4.387622206516298,0.4572661476227269,Medium Risk
20,20,1,5,5.456084644271506,2.3407620398411524,9.453581344565325,Medium Risk
22,43,14,6,7.067905043968144,4.118634653864516,1.437851730161922,Medium Risk
79,4,4,9,7.90407475882988,7.160919178315135,9.030130391680924,Medium Risk
46,22,6,7,1.937389330248106,1.0943040483597932,0.835822220003557,High Risk
14,40,9,0,2.6175286903702366,2.704691056165088,8.226249276785602,Medium Risk
24,24,9,3,5.1259092526729635,0.46635900461590385,1.5196252587821513,High Risk
35,40,7,4,3.3060080997000183,4.323477383381316,0.381316140914727,Medium Risk
74,9,11,1,8.60511486587445,8.274457359796132,7.194894502594087,Medium Risk
50,21,6,0,4.737601537387203,0.246636882980108,2.8026530017442832,High Risk
14,18,7,7,7.99578644102003,6.75323526807166,7.1449615278434955,Medium Risk
67,0,13,5,5.806197604823538,9.324958745137396,5.550852504728198,Medium Risk
20,6,11,4,7.73090141617112,2.369278615111823,1.0880739023006558,Medium Risk
12,3,8,8,3.326729865303238,6.936348407276482,9.321300733011636,Medium Risk
85,0,14,1,8.314166219303111,9.751019011002004,4.523141747634776,Medium Risk
18,14,4,9,2.7457231555102157,9.622780601524632,7.34447277798688,Medium Risk
33,39,12,7,5.460988080032908,2.349291930291433,5.010205720156251,Medium Risk
77,11,4,9,2.1400711317387424,1.003310532120687,6.043614749612047,High Risk
67,21,10,8,4.755265216261933,1.4828253789591594,3.027735923566924,Medium Risk
51,21,9,0,3.1817520950870315,7.020356684821421,2.003603040034503,High Risk
26,49,3,6,2.6670343063721424,7.2575887545327555,5.425702034080678,Medium Risk
28,46,12,7,9.669850180280374,6.74236561628199,4.40218972971002,Low Risk
27,16,8,2,1.6007410548673062,3.3607838774223806,3.9011321343393313,High Risk
34,28,4,3,7.873258374573952,1.6977693975812214,6.72567195094623,Medium Risk
7,45,13,2,9.841649594832148,5.807610919522531,6.905066320111359,Medium Risk
15,13,1,6,0.1990148374007783,4.8368044575786655,0.4592005609126304,High Risk
35,49,14,8,6.99027414042095,7.288341471223035,3.3874449424367215,Low Risk
29,19,9,2,2.529118055562871,4.413600786856215,4.117645502263773,High Risk
17,49,7,5,0.40487824328304445,3.386396946864684,0.968921611641681,Medium Risk
1,47,14,7,4.028895789566308,2.9347857735901437,2.3590086669828834,Medium Risk
48,32,6,5,9.35217810170875,2.1147032004974653,0.5164179722275664,Medium Risk
76,42,7,1,0.11765094366997686,2.657463761866614,9.962420986170207,High Risk
3,14,11,6,5.878856919297817,0.9483043884410136,7.365572029698445,Medium Risk
89,11,2,1,5.0139647859532435,3.4685701092888954,0.8745015650275367,High Risk
88,39,14,1,8.733841643710475,0.365698123629582,0.20249379790092115,Medium Risk
93,19,14,1,0.8400171452062566,1.864138471663268,7.192878001522802,Medium Risk
74,29,3,0,6.815260298866503,7.467704446194291,4.3919216568266695,High Risk
6,37,4,0,6.801096984332773,3.2546898867662266,7.8679670906457595,Medium Risk
94,2,5,6,6.6908001686228324,6.682370169773439,9.234760378183838,Medium Risk
73,27,0,4,9.42334494935037,7.168841755972774,5.993003890163725,Medium Risk
38,25,3,2,8.230875290068804,5.811853427321135,1.8710842291725305,High Risk
12,29,10,0,0.4197272624350601,9.586977413653985,7.8219403604645255,Medium Risk
30,12,11,9,4.7108285070451315,0.21439866623113257,9.558117431743744,Medium Risk
70,12,9,5,3.979530562013335,7.386526505881421,5.802312870599559,Medium Risk
62,1,12,0,3.1014722109080206,9.587866439404081,6.819974472807335,Medium Risk
55,36,4,8,4.513367251540973,8.622717293529393,3.3747469503667302,Medium Risk
41,48,6,1,3.8419418492597748,1.6789269180501332,3.8152769466031122,High Risk
60,37,12,0,4.323338998786653,3.268203062517321,7.346544978530639,Medium Risk
41,1,4,6,9.792618656086425,1.724518398764654,9.277710984068191,Medium Risk
55,35,12,5,0.8863297474958076,6.013083638147041,6.289883872243522,Medium Risk
35,25,12,5,9.222308698387298,7.121879819794923,7.8984790848534745,Medium Risk
83,10,0,4,4.802367134710267,3.170737693630582,1.7163501741537301,High Risk
67,7,10,3,6.237422454995412,5.395065739842955,2.1195909025797355,Medium Risk
6,43,6,3,8.301829666176939,6.90920570071195,5.320346868333901,Medium Risk
53,39,7,2,3.6046302914925556,4.213398166110483,1.7655419224284052,High Risk
0,42,12,9,4.304219080879669,8.540155304554593,6.349950702209236,Low Risk
43,21,6,7,4.09518480278714,7.7154993528781715,2.9165318539469895,Medium Risk
44,19,10,6,3.7473102253575985,0.6466554385057066,7.91532618666892,Medium Risk
46,7,13,8,9.25529321646895,6.2112529909082905,8.081103466143434,Low Risk
12,28,12,0,8.289298911930121,2.353255509597496,4.6378745575535305,Medium Risk
21,39,14,6,1.089999898629761,5.5751826466727525,1.8081063503763528,Medium Risk
20,25,3,9,1.0812335247709604,9.568884426329662,6.467749610819325,Medium Risk
85,29,7,3,4.278695148529912,8.790620045522502,9.927870182635864,Medium Risk
91,16,14,6,0.9865737673280905,4.045164031151317,6.225908979425233,Medium Risk
8,19,4,0,6.190930952711197,2.915138583443534,0.3577469071400785,High Risk
25,15,9,4,1.4369160726173391,2.34405744408259,0.1729397576708258,High Risk
8,45,8,2,5.223732639668011,5.325148697565201,3.203619704923062,Medium Risk
14,42,11,4,0.07219947003717753,1.1424845325805633,1.9578380686040486,Medium Risk
9,6,11,3,3.1659634841264674,5.492750081282486,8.130512071433081,Medium Risk
87,15,9,1,6.7719072367265545,0.013336394907920157,8.448056670360005,Medium Risk
41,44,4,3,4.840389402278484,3.2384963074584485,2.5861877131047617,Medium Risk
71,46,0,2,9.782694859989881,2.199343138305813,3.256447769498927,High Risk
23,47,11,0,8.741037960662108,9.71218789960782,2.3624696771511466,Medium Risk
79,26,8,9,3.5907077904315123,7.27242319569979,9.08382547371264,Medium Risk
48,22,11,7,0.454865414722746,3.496533804622377,5.026493346222822,Medium Risk
25,23,4,4,8.456263001150187,0.9284508653062051,6.561370440820199,Medium Risk
90,8,5,3,9.112343103146713,5.16800594690624,4.154820866996033,Medium Risk
36,34,3,9,8.206273934190367,2.134478813260423,6.310141935045311,Medium Risk
67,19,5,4,1.2794994091976486,5.364295458983578,3.858553767217361,High Risk
49,36,11,3,9.979151344122878,8.353623541788926,3.3967843772922546,Medium Risk
23,41,7,2,2.5858422155277383,6.157925521013854,6.344800731734802,Medium Risk
18,16,2,4,7.242049128083701,6.337884195450022,5.910620780489893,Medium Risk
99,46,4,3,9.080348763357215,5.410302890628115,2.9352795416794963,Medium Risk
59,30,1,0,2.356871143307094,9.272656326314092,1.4934845031947341,High Risk
38,7,13,2,9.08258554677066,9.319026844206032,3.6857669383813763,Medium Risk
73,14,1,9,3.09481579194867,5.127232010735522,4.151976391419092,Medium Risk
88,30,12,9,9.764132223840562,3.057594871435044,6.286843334246049,Low Risk
17,29,6,7,2.812600203804746,4.595870058794439,9.145287636368638,Medium Risk
18,45,9,6,9.534358247578352,1.8655791219561568,0.3618479753292514,Medium Risk
35,19,12,1,0.535446508926749,6.363443153180893,2.436610125418449,Medium Risk
73,38,9,0,7.09272011669813,5.000923357822332,1.9371594227956035,Medium Risk
96,11,13,2,5.321111338370037,1.033004778132799,5.022944086937836,Medium Risk
54,48,10,4,4.778770771227307,1.9764778111961534,4.297008070431598,Medium Risk
68,16,9,9,2.2349431425584,4.7963195619952685,7.290376238201884,Medium Risk
46,41,5,0,7.0559578977649196,8.875889907188583,2.4241591254486385,Medium Risk
48,29,3,2,1.908094914463071,5.663907206310974,5.944983657497586,High Risk
98,28,4,2,5.528417959847682,6.815350002084708,8.838572635999594,Medium Risk
97,18,0,4,2.5324536304025083,3.3902854974390975,9.106777399183047,High Risk
32,45,6,2,9.55621379781356,5.714113930442343,9.587846047250311,Medium Risk
20,10,7,8,0.28631193835652824,4.473798226380675,7.732611520799885,Medium Risk
80,33,8,0,1.9972828011123656,6.591299126231607,9.05987906258915,Medium Risk
21,49,7,3,2.423106063874477,0.5057556607901037,2.345308719852742,High Risk
47,6,4,9,4.140678257678164,4.933002162389592,1.9758094435047702,Medium Risk
36,43,2,9,2.327302418700535,2.9599262514396694,0.06488083780526455,Medium Risk
14,33,9,3,4.913490902687853,3.2618506127790923,7.068443574290983,Medium Risk
34,19,10,0,8.72465523258539,9.609174315580614,9.374671878137445,Medium Risk
91,49,8,1,7.120634214091708,1.8269481271138277,1.8693534504167642,Medium Risk
70,37,14,0,5.79961980535111,3.112452525785969,6.369435754268789,Medium Risk
31,23,5,5,0.8900317798267965,5.098925757308717,7.464597592217776,Medium Risk
10,9,14,2,6.939921083892756,8.630269481496237,9.276142351480566,Medium Risk
9,31,4,6,1.6641428431093985,4.166700832063705,6.468602240172217,Medium Risk
72,14,12,4,7.86367385961698,7.43865280888171,9.702937327487524,Medium Risk
77,36,2,8,2.500567585101532,8.563740982148024,3.4467314101254773,Medium Risk
76,19,5,6,4.170487283209009,3.1001635582184894,3.4992853377140767,Medium Risk
56,2,2,3,3.504702023179279,3.9275018353870994,5.430125100143456,High Risk
24,36,9,4,8.588139146748567,3.5655622368835624,3.8350188111590713,Medium Risk
1,39,11,4,1.2654445871340814,8.32855808617921,0.014257282875326238,Medium Risk
63,7,5,4,5.656448823847886,0.4434686195360116,7.317720250869874,High Risk
34,39,3,9,1.4206160944306223,3.0842108882868002,7.517170414784834,Medium Risk
6,43,14,8,7.047958361321866,6.794085575951298,7.469746046867705,Low Risk
84,22,1,9,9.050781277944811,5.6544349956534266,3.450206666104666,Medium Risk
17,39,7,2,4.346076538672534,4.362893592936943,5.222894733111719,Medium Risk
66,10,3,5,4.8809226026497585,5.399482272213843,3.5997351817666945,High Risk
41,45,8,7,9.274228364827623,1.9758458582831828,0.1603640003064577,Medium Risk
38,7,6,8,5.209913886493571,4.307166216080104,5.624489412714188,Medium Risk
40,28,11,6,4.875984380495609,5.017029841763491,1.2376066608401104,Medium Risk
74,29,1,2,5.783291027043042,9.011891219546017,0.800413240914406,High Risk
23,9,3,0,6.8922973636295195,2.608351628039763,7.554990686967872,High Risk
59,38,4,3,1.0688337508703138,8.678285021649327,0.09506202418105625,High Risk
45,27,2,5,8.211105277415161,6.442414008259819,9.590084436087261,Medium Risk
18,48,8,2,4.3550502745325925,0.20340831067600984,5.152553641125769,Medium Risk
67,35,12,0,0.7234850989748554,7.2463133689939365,9.830164307061484,Medium Risk
89,12,4,5,7.861826691982131,0.3555187754905509,0.5799757247270843,High Risk
41,31,1,0,3.769499716862721,9.973811268138132,5.835295488659132,High Risk
31,35,10,8,1.0036749509505394,8.726366876911978,3.493270359759112,Medium Risk
38,36,2,0,6.337790395432505,2.9734374754004564,8.434824928142858,High Risk
35,25,13,5,8.801313534336417,2.5741123019670544,3.6122273523428627,Medium Risk
96,21,14,0,8.877535094139864,3.814410821056089,2.604875790573491,Medium Risk
35,3,8,6,9.576634748089731,3.5616696531444303,8.575531270999132,Medium Risk
2,30,6,2,8.67705459766688,3.7233781838538107,3.7465309165326097,Medium Risk
72,17,1,5,0.02140919345475223,3.182765461194804,0.1683331986056147,High Risk
7,37,8,6,3.8024116641339023,6.211334068483314,3.902891008393338,Medium Risk
96,23,13,0,8.18542579905503,1.6426366372062395,6.545222690109419,Medium Risk
69,22,3,0,3.662530059984742,8.459812924460131,2.5435953880638182,High Risk
40,21,12,4,6.015485063797062,8.124024840313153,4.319875924251573,Medium Risk
67,1,8,5,6.063169473745321,4.764832078552704,0.5671513828222552,High Risk
12,30,14,8,3.6502530403882307,8.527299652785477,5.880927915139572,Low Risk
48,10,12,0,9.044739272812876,2.471450700302933,7.562949238603938,Medium Risk
59,27,1,3,5.032283453861176,0.17565455703966948,4.133125614011103,High Risk
1,45,14,9,4.647842059375008,6.19207925029823,4.202326328014601,Low Risk
59,31,11,7,9.97513745661896,4.579094069647153,0.8828249858491644,Medium Risk
4,4,9,9,4.935003640726166,5.671645462958707,2.0194086451198254,Medium Risk
43,37,11,8,1.7839825192858105,8.99339409018403,1.5467530312791267,Medium Risk
26,9,3,2,5.130694228634381,9.699255735659435,4.8168776866153795,High Risk
31,39,4,1,8.140167355199301,6.344531397556031,5.292555409507501,Medium Risk
20,45,1,3,7.768603268982814,7.640555898524384,9.4894013128426,Medium Risk
7,23,9,1,7.88581765108471,0.8380843348716427,0.732315042772339,Medium Risk
71,34,0,0,7.080237839979118,1.6071558489150561,5.998679731550471,High Risk
49,43,6,2,2.5421782906668824,7.3320480495297655,5.264985273282413,Medium Risk
66,47,9,6,8.620840858402314,4.31365456388002,5.162330979358291,Medium Risk
43,22,0,0,8.93443465376265,4.459652704044057,8.731592873828264,High Risk
57,16,10,1,1.9415269661854906,3.086076816354366,2.0553847069548645,High Risk
2,0,10,0,1.3045563655139392,6.073563834777438,0.40773274341371457,High Risk
85,30,7,7,9.75604968589112,1.851650454162026,6.722715076341926,Medium Risk
69,30,2,4,8.683239636503679,6.269162793138956,3.4515746413598016,Medium Risk
1,41,13,7,8.932361472099467,1.7379885713523968,0.17589916212524592,Medium Risk
86,41,9,2,8.863763846243952,0.638260347097136,2.513740072904138,Medium Risk
43,33,5,6,5.416868240337283,3.3035768869906104,3.093267742168119,Medium Risk
1,8,6,7,6.4640173666579965,2.3114034200984768,6.16838376784242,Medium Risk
80,21,9,5,5.453628521336417,8.889916385563323,1.725857940492721,Medium Risk
34,12,0,6,0.5120634919032907,0.549534538686266,4.13054347953398,High Risk
97,24,13,1,7.4550308535277265,1.7661369257412285,4.824754444178325,Medium Risk
86,47,5,7,5.053320333358803,5.487196055830495,4.592373913640909,Medium Risk
29,17,6,4,6.477090747902298,4.8106719084747365,9.739407666667818,Medium Risk
7,11,5,6,5.026398049755353,0.4585201837470154,0.4550423779029611,High Risk
21,39,3,0,4.91811322322456,0.07252428015144474,9.509681864523994,Medium Risk
43,16,0,4,1.7178910947776682,9.880679419611498,5.819372139940333,High Risk
57,14,10,0,2.7871371514114895,6.588347003588382,7.957277149698383,Medium Risk
35,41,8,7,1.588526919439558,3.6540613090155682,4.3039261801607545,Medium Risk
68,14,3,3,1.9566629562534243,4.704322476632413,4.538378812569804,High Risk
76,14,6,3,9.729773804203049,2.6655012045428697,8.793264990158235,Medium Risk
92,38,6,1,1.5311344577219843,3.4487378369320973,8.95934496291902,Medium Risk
30,12,1,4,2.6927042430520762,6.490444672682139,2.386888814312976,High Risk
46,16,0,0,5.90589657738585,8.828117988673707,1.9924187858461817,High Risk
54,31,7,8,6.1017857623664185,1.8413002308118487,4.96235173869951,Medium Risk
79,8,7,4,1.5397412974382907,8.403615053853187,9.002770271276916,Medium Risk
61,39,6,5,7.937174257852123,1.2155662951826907,3.223550934061763,Medium Risk
29,19,13,1,7.85202867912825,2.149922235883912,6.5201461533913125,Medium Risk
54,25,14,9,2.373177042038911,0.3717528804964598,7.0815168774060115,Medium Risk
15,26,14,9,2.8866630267546043,1.4081186209299945,7.786746648941558,Medium Risk
11,20,14,0,9.37987865459497,9.173031454640505,5.639244579209633,Medium Risk
16,17,14,3,8.25671445979478,4.594387466183786,4.024551782789696,Medium Risk
15,12,7,6,6.977970330625238,0.7766586177835355,9.67015988798973,Medium Risk
11,15,2,5,0.8223322151060053,9.597268380389613,6.113307533028527,Medium Risk
7,8,10,9,4.182640809025758,8.7899230775865,7.285652116332708,Medium Risk
83,11,1,0,5.593018720768271,7.546825208681413,3.4498284569587834,High Risk
2,43,6,0,1.8741128798377693,9.33472791947558,6.699491810030801,Medium Risk
15,37,7,7,4.482265821082246,2.2012942083576412,2.577976621641259,Medium Risk
29,18,0,3,6.0102587748869,8.363692930100864,2.4509691752863616,High Risk
22,6,11,4,3.273766801153992,6.899911963543062,7.147222018094263,Medium Risk
91,34,9,6,7.809448189504872,8.697592495676883,5.213947362629351,Medium Risk
4,47,8,7,8.404495816388055,7.969115657426298,6.832766104223897,Low Risk
83,17,14,9,3.2360946943407076,3.46495063176825,2.6943849074809165,Medium Risk
64,15,12,6,8.386571544924571,7.743985370172556,5.987233410567304,Medium Risk
29,38,14,1,1.0357656610301502,2.624563029848903,4.4393364970311255,Medium Risk
20,3,10,3,8.377290986226564,3.2859216302805483,5.969602868455279,Medium Risk
83,24,3,9,1.527504316676166,1.0790571722297615,2.9087973224421937,High Risk
69,31,13,0,0.8292715250972604,9.350766159804687,7.154509636491238,Medium Risk
21,39,11,9,6.417754044410112,2.9100336340028155,8.059293661594655,Medium Risk
81,12,13,8,4.719373657552943,5.2062246517145185,2.5991647385772367,Medium Risk
71,44,3,2,9.078906004128328,3.9133283646619264,3.006205598556421,Medium Risk
31,16,2,2,3.631891960908492,9.599281205835016,6.61154269719093,High Risk
32,48,5,9,2.8715226343762867,3.350491709384824,6.955851743035442,Medium Risk
15,36,0,8,5.0073490614419836,7.785458214226891,7.040996843974501,Medium Risk
75,5,5,9,4.559461857686613,8.5541615463118,6.8269850477583685,Medium Risk
37,18,1,2,3.4442804621718826,4.356064974809659,3.928077169525388,High Risk
97,12,8,7,6.9374129869832855,3.7817181445293127,3.9485367440367836,Medium Risk
13,25,1,1,7.595618339139083,7.477458209326279,2.5481762364438145,High Risk
35,13,6,2,8.529839690301365,9.12895980306234,1.5683369989636298,Medium Risk
96,30,11,1,9.728566047103428,7.549317330722383,6.925773793969057,Medium Risk
22,3,0,0,2.6665619213250444,2.271263655918656,0.9318878597231284,High Risk
65,38,11,1,7.160934824899615,8.883077474377053,9.377922867867817,Medium Risk
84,7,6,7,3.9425823549574526,3.875816674368331,8.266863036714513,Medium Risk
1,24,4,8,6.770819719511081,5.7622941177793425,8.575057399572561,Medium Risk
90,12,7,1,4.7598169034922035,8.31435619292711,9.066688146151902,Medium Risk
72,31,3,6,9.937731027679316,1.8839476740049221,4.086049707232401,Medium Risk
64,37,14,4,7.289021357907499,7.845101356775531,8.46700723350401,Low Risk
74,37,11,2,9.524913004343246,5.961627979106775,1.5806130029164933,Medium Risk
66,27,14,8,8.349695494811858,8.933416418276082,0.21641794608235676,Low Risk
51,29,9,5,9.02901011163371,1.7197040184354295,7.848913946638501,Medium Risk
61,2,6,0,8.14419197214675,4.206822370409284,0.747966479969393,High Risk
22,27,5,4,4.591591303759114,8.328430928668375,9.885246673259216,Medium Risk
25,2,4,6,2.5178845334688438,0.19231703456760174,6.747964296015559,High Risk
67,44,3,3,3.703201754505222,1.1220136676564285,7.534497102421055,High Risk
81,33,14,7,0.20236232639950447,9.905652127567347,2.4580385627786594,Medium Risk
54,15,6,9,5.239931674646671,2.8039417859035054,6.738653939196881,Medium Risk
5,21,11,4,5.050578002704087,9.755431937239534,0.4321993725495721,Medium Risk
34,31,4,8,5.252504648304882,1.825315510086739,8.378257199236009,Medium Risk
21,37,4,8,9.740312249720638,3.6109444300733564,1.6962409303157244,Medium Risk
42,7,14,8,9.114540034548392,7.528694445035706,6.973580668337705,Low Risk
14,7,0,0,1.61712778330108,6.577784072381785,2.2448050123272836,High Risk
85,5,1,1,3.688825215558892,5.811223999290556,0.6845316942604274,High Risk
59,13,4,2,4.239561794632619,5.298991758050075,4.814936785493943,High Risk
11,31,12,3,3.6053291785164774,8.434404436647402,1.6928621027278945,Medium Risk
48,34,2,9,7.984959636039131,2.349485628333927,7.294439883265498,Medium Risk
41,9,13,8,5.2403766986758695,4.424709269935184,2.3756584338348485,Medium Risk
37,2,12,9,5.720998169716251,1.5545229215645728,3.4247255623582884,Medium Risk
81,11,1,5,8.530135589879254,5.959415957307044,5.674392512644729,Medium Risk
44,48,13,0,8.059281534153586,2.5054442427132018,2.8496827757731156,Medium Risk
34,30,13,8,1.3221152282029969,3.3384206434338584,3.7798811620996164,Medium Risk
29,28,3,5,7.139145840836343,4.712507166235281,8.156217710403867,Medium Risk
87,4,3,3,4.354361289020355,0.26770585703127847,1.792098495610257,High Risk
29,24,3,3,2.9464890306250044,0.9193793592083765,0.8220158948193368,High Risk
77,40,3,2,0.5001882090218635,6.859292207082196,3.2835778513301928,High Risk
5,30,2,6,4.87249560345451,4.289699807175072,4.243767670138782,Medium Risk
66,20,12,2,3.554366807245314,8.647902219998954,5.426592821365677,Medium Risk
79,19,11,1,2.5151303967640084,6.946720036441994,3.72423696175007,Medium Risk
6,38,6,9,6.9467172959695755,0.08100941647322446,7.899117002228051,Medium Risk
51,21,8,7,7.69485387315587,6.167123307671348,0.39319487668473263,Medium Risk
13,3,11,3,2.447895190294248,0.9372486605971642,4.3176753819855795,High Risk
72,12,4,7,0.49447436679347256,7.809331797904942,3.8225591465640463,Medium Risk
14,44,3,0,8.48752700565235,9.91507688278502,6.47578490806859,Medium Risk
20,41,10,4,0.09959741204303318,5.311987942415115,9.66276251897396,Medium Risk
34,49,1,8,9.37112493921472,6.827795001941304,5.103754066288621,Medium Risk
65,48,1,0,6.276198739827059,2.3731416089475155,9.868768469417205,High Risk
90,19,4,3,3.218466352013203,4.375977437537935,3.0224939491319747,High Risk
1,12,6,5,2.464779095767362,8.560953322363837,0.30868132542461013,Medium Risk
34,16,9,9,0.09005664264475244,1.6742294774625122,1.6566316747641274,Medium Risk
81,35,9,7,2.3547141701087715,2.655356056137621,3.9512488477456733,Medium Risk
77,32,8,2,1.377283015171411,4.454336752860302,3.163339091885522,High Risk
19,0,12,4,6.121662207231457,7.12248891844014,0.9705413098337767,Medium Risk
81,14,6,6,1.665455885938013,3.7588395479567382,4.326601076907169,High Risk
9,12,4,0,5.286298375366193,9.277322797830038,3.3811577165956272,High Risk
24,16,9,6,5.901164223444708,0.9445705126871917,1.2261922045743845,Medium Risk
65,23,9,7,2.980416983469145,3.708041975448475,2.9611713061190894,Medium Risk
24,7,9,7,0.35064949018718705,7.089541234284219,8.864360553553905,Medium Risk
53,49,5,8,0.372538806141961,2.2598676566149245,3.020488654893402,Medium Risk
32,26,10,5,0.26347332193917605,6.564131342296729,7.139554232420516,Medium Risk
35,44,11,5,7.3912466713654625,1.6421695822734594,6.120470796577556,Medium Risk
94,22,2,1,3.180097048142981,0.5598028486168638,4.271811624083718,High Risk
13,45,4,2,7.963001859676636,1.2101571674864886,2.3902563680366917,High Risk
64,7,7,3,4.317328238428492,9.299847831341348,3.6901469934594546,Medium Risk
79,7,0,3,4.529981008299639,5.5175088293955135,5.921072134710428,High Risk
53,25,11,7,5.128826025095737,7.96345775479649,3.5075321474935492,Medium Risk
51,46,0,0,7.130314563751039,3.326545009050512,2.1489643357423183,High Risk
2,12,6,9,2.735028658297071,5.926586478854467,1.164627488916321,Medium Risk
98,38,13,3,1.215873495335269,4.949521337049916,8.797669379095653,Medium Risk
40,36,4,3,5.5605733519146145,9.45737959402294,4.403129757519056,Medium Risk
5,48,13,0,3.2697762324273927,7.475746360541104,6.2520832174293,Medium Risk
24,27,4,2,4.424913136680374,7.305426314965791,4.904103611368052,Medium Risk
12,24,0,4,6.469467083373054,0.4635326943427953,8.725665183579634,High Risk
97,15,8,5,4.941257411412706,5.496696690036911,5.4693485244821085,Medium Risk
7,1,0,8,6.202788171008429,4.669914539018149,4.8078141794911335,High Risk
20,17,4,8,5.442000021136279,9.278422666061946,9.246009904217127,Medium Risk
97,16,9,8,7.397963719360991,2.5734198818953224,7.196895960453546,Medium Risk
67,29,8,0,7.0593661771162,2.698334532910943,1.1154990734685732,High Risk
24,38,13,8,5.341898918086192,4.113462488815004,1.7770446119681405,Medium Risk
78,12,14,7,6.789030208597069,2.4336971340637605,7.871228629394419,Medium Risk
67,31,3,1,8.735596022726128,1.291839178087495,8.358513211799544,High Risk
44,49,12,0,4.322712877881686,8.574148466508008,5.451908290902965,Medium Risk
59,28,7,0,4.1276307274879365,5.582765244039159,5.5445522786663926,High Risk
11,45,5,5,7.642456208523801,8.613627189565667,6.319329628514446,Medium Risk
31,29,10,8,5.82553837041994,8.31134765403696,4.391157742826395,Low Risk
95,17,14,6,0.7100678022258855,2.820423547896711,6.80199123483904,Medium Risk
91,12,2,4,8.921120156910813,5.47737444324274,1.084812575664157,High Risk
12,42,3,1,0.30783102237640136,0.8321770274007045,9.612792423673863,High Risk
30,20,1,0,7.483963562097431,9.152518840307584,7.501548237949217,Medium Risk
77,29,0,1,7.587941427043129,4.042627150651531,6.311742040090069,High Risk
19,20,12,0,9.531110852819305,3.936761838890214,3.163220570094807,Medium Risk
17,47,13,2,0.5413440840232076,3.027553706179532,1.6095548745672916,Medium Risk
92,16,7,5,5.96856860784491,4.606637447107039,4.093429638289447,Medium Risk
59,39,0,7,4.278405706270529,2.5175938654544803,6.615767405740584,Medium Risk
62,18,13,2,3.3063295485954205,3.7485227279680453,6.33709743423111,Medium Risk
5,14,12,9,0.9031856029907304,7.999470485848819,3.826411550655715,Medium Risk
31,8,10,8,5.626541196713092,8.342555035851719,6.1328639383312975,Medium Risk
92,9,0,9,4.790407256746136,3.0418247762851616,8.137482955675475,Medium Risk
42,43,3,4,1.0455445815102427,4.690144305527879,0.26284772337607065,High Risk
1,30,9,6,6.124895070970834,8.738197762800523,4.506210479302757,Medium Risk
59,22,11,7,7.379531202529384,0.5267333182969713,7.58555228466791,Medium Risk
22,29,9,2,7.672783010536483,8.891449619957854,5.461444704633772,Medium Risk
82,32,14,1,9.053731882624273,2.191843456523317,6.5147608792907,Medium Risk
30,8,5,1,4.094707418887772,6.785392442143758,5.16676392605342,High Risk
4,46,8,4,9.53072768622137,5.8255169638460025,9.91874544682311,Medium Risk
82,0,0,0,8.654294050826861,5.529407481892521,0.5462153648903822,High Risk
33,43,6,1,2.96501571023939,8.593602247528214,4.910448217723773,Medium Risk
9,34,9,8,1.5928303734945848,1.0157214364466127,0.9141654911451769,Medium Risk
88,10,10,6,4.353893961280134,3.4702802532563606,1.5978556211357042,Medium Risk
1,33,4,5,4.0189870795596665,5.382527463447656,3.8303835041826186,Medium Risk
10,15,11,8,5.757193053312043,8.112888539460398,1.555400915004873,Medium Risk
49,8,14,6,5.83386232327748,2.164430834116715,9.636871659566511,Medium Risk
30,31,7,4,7.499869843799752,8.029298413742762,9.467897767251591,Medium Risk
55,14,13,8,5.098899482056102,3.9963848249393576,3.3610964622060377,Medium Risk
78,11,6,5,1.0482264094076554,1.889138564336954,6.397477120376795,High Risk
72,32,3,5,8.582913355531062,7.5898644044348265,5.337533205937861,Medium Risk
86,44,3,3,3.097645831851871,0.9089890147454782,8.155869805157685,High Risk
82,13,5,0,9.71297460306592,5.1476737407544295,6.274456098169422,Medium Risk
8,7,5,4,1.1786010867977015,0.6387578386188841,0.00252454490562104,High Risk
98,7,8,8,9.582511722325032,3.564178551577876,7.631743856097389,Medium Risk
20,26,11,7,0.9101180688251698,6.010767990063926,7.468481212961181,Medium Risk
72,11,4,7,2.310361379470595,5.561155414872131,5.09722705566481,Medium Risk
27,0,7,4,0.4657994208654159,4.046554179046665,9.029189732330538,High Risk
61,42,4,8,7.05113146638995,4.290479939721157,9.084462056904016,Medium Risk
6,39,1,2,8.502987365717917,2.2676955335076654,5.2391167670439724,Medium Risk
79,41,14,2,4.340710818159804,4.558825884241029,6.079882311965377,Medium Risk
15,10,5,0,9.285220750424298,9.532548557208342,9.965220719246723,Medium Risk
96,38,8,8,5.902990717555996,8.504529177837904,2.988202348114175,Medium Risk
3,42,12,5,6.300071354465232,1.452328690763438,3.246172423114774,Medium Risk
3,30,2,1,8.4541920170077,0.2978078732092093,1.8277390266349636,High Risk
39,16,0,7,2.968002050518389,9.335243127166306,8.95866939157868,Medium Risk
16,32,0,8,3.542657213276258,5.267497498807476,7.4448838994926625,Medium Risk
51,31,12,8,9.059519191946443,5.378378231493077,1.056428488702419,Medium Risk
92,28,2,1,9.009634960387638,7.807179957065223,9.817673511979656,Medium Risk
51,20,9,1,9.764827762008709,3.1468897387132655,7.309617081611161,Medium Risk
35,20,4,6,9.018383164416711,4.819075688360021,8.505221096049745,Medium Risk
37,39,2,3,1.273720360333609,9.686629131467376,0.48150789173200925,High Risk
49,22,8,0,8.237242861369873,6.721486869324071,5.049609189421677,Medium Risk
62,5,7,7,4.098384781095941,1.5374503199578593,6.985982867270392,Medium Risk
62,21,2,1,9.908013559459379,1.332267479843533,5.429465845718413,High Risk
61,49,8,2,4.722809643288011,2.042647583330054,6.666474656992775,Medium Risk
98,37,14,4,5.538360825022206,7.667116744207175,8.178740635904726,Medium Risk
6,36,12,2,5.297749152567985,2.9537700384061605,3.743370629601962,Medium Risk
26,44,5,6,3.217370298582778,0.21388846675079787,8.486686756187098,Medium Risk
91,7,12,6,0.7502208889291817,9.441743635056618,1.6291610476529073,Medium Risk
85,40,6,1,8.956512304019185,1.6971341639491067,2.7088605502637475,Medium Risk
13,48,3,6,8.026758125262868,0.09558186148068581,0.43345619927325774,Medium Risk
70,34,3,5,1.3952678055966927,2.37131602383323,3.644268113352511,High Risk
85,10,11,9,7.7676827135007285,2.3502878711813366,3.799095448241203,Medium Risk
4,23,12,8,6.2584666605061,4.220052508457231,8.05270597207251,Medium Risk
54,48,1,8,4.0914378791762225,9.203898315000368,6.5313067028965595,Medium Risk
1,20,4,1,2.5402114909556275,8.79184917779098,4.367225581556666,High Risk
61,1,7,6,8.597287835022325,4.56894554982428,6.521139786237482,Medium Risk
90,39,6,4,7.001882592940531,4.108999049918065,0.5278335051569116,Medium Risk
20,18,6,5,5.477399094691369,5.550090864748513,1.8027153601837609,Medium Risk
78,38,5,0,6.095685338984641,2.4345401197176573,6.26947855241755,Medium Risk
20,27,2,6,0.9106618208218098,0.5218499196636284,6.413668192253023,High Risk
9,16,4,5,4.739197609111919,9.392241361712067,7.741346587074272,Medium Risk
86,5,12,3,1.93700292785702,1.8669898487717274,4.029997590536022,High Risk
57,18,0,0,2.0838367900882537,1.984007292457164,7.225540966161562,High Risk
38,37,6,8,6.613039622868667,4.724603288539476,6.839803325601894,Medium Risk
4,27,8,3,9.112561518342881,4.916133448403307,9.63393378369849,Medium Risk
64,1,0,1,4.0375661047834654,0.18434209700741944,2.151302264246792,High Risk
12,37,12,7,2.0774927301219037,1.479547387739707,5.5167956375263945,Medium Risk
84,36,1,1,6.487469372366542,3.7815481856074173,6.017644421104693,High Risk
89,3,2,4,8.711870463503178,6.83730693510539,9.986478849342207,Medium Risk
84,21,2,5,7.483188011224908,2.2841845683193585,2.0118414216665172,High Risk
52,25,7,7,8.687572305365872,4.230144462417627,5.232180199672922,Medium Risk
81,48,6,0,5.365546710107994,5.573450647164668,3.4618530771363885,Medium Risk
44,42,5,0,7.518762443691909,8.88592494623292,5.258929685789998,Medium Risk
31,35,14,3,1.4006455935893647,3.260705023271233,2.3212860210310593,Medium Risk
35,12,9,4,3.482746153631915,1.3355826586348352,0.4761237842748811,High Risk
80,31,9,8,3.895491644815224,4.892722258976082,5.7256545389768885,Medium Risk
98,16,10,6,5.112957462460345,7.467216016840621,3.358543158608321,Medium Risk
59,40,3,6,9.290763602568237,1.0985975705273343,1.8194140174843365,Medium Risk
10,35,8,7,8.742965602221743,4.246834916969604,3.2393556607803378,Medium Risk
62,45,0,4,1.3452549228918453,0.17785141262483428,0.4928020144774492,High Risk
20,18,10,4,1.727896518824632,0.33559181647251135,9.504422340901034,High Risk
51,34,14,0,3.576405495889113,4.829533632166656,5.811479149732604,Medium Risk
54,45,1,8,2.907438658906739,2.981972981509294,8.147686813470248,Medium Risk
25,39,14,5,6.147709531562623,8.451072990054122,4.231181975477304,Low Risk
67,27,13,8,9.02776047764545,6.021543061264543,9.033146675661857,Low Risk
33,0,3,2,9.622915416725867,4.539329617429903,4.833182215522534,High Risk
51,41,2,4,6.536029525352265,4.079353710542963,5.739453222006694,Medium Risk
81,17,0,1,8.381592014010867,4.9724548018956325,4.917939800626568,High Risk
98,47,4,9,5.252022002307971,0.4043883121266134,7.332782958676516,Medium Risk
92,39,6,4,2.083269468600397,8.9279335642066,5.666560776020624,Medium Risk
51,32,1,7,5.246884120934774,9.983031557339583,2.715989235803977,Medium Risk
28,11,4,1,5.550826014376511,1.8148712485869867,1.455395313226463,High Risk
37,7,5,7,7.424575642135566,1.2038296477461974,6.061243888829777,Medium Risk
41,23,10,3,2.198829897073491,1.4357746344859523,4.8917996154703625,Medium Risk
20,15,6,9,3.6831038208673172,6.610270582343672,0.9597569669611294,Medium Risk
41,49,0,9,3.6402746921456632,6.6144083845077475,3.956174657932684,Medium Risk
12,3,6,0,9.594395957411649,8.479241622784109,5.147764220004536,Medium Risk
63,37,3,4,4.439449603267189,7.518263884262533,8.2689323382559,Medium Risk
16,43,7,0,7.550939672981465,4.496896733693397,0.7610105583336235,Medium Risk
8,26,12,6,7.508113813744391,6.128553615653188,3.4849534824600292,Medium Risk
40,8,3,7,2.655441848032414,6.8828467036800784,8.226561227103854,Medium Risk
0,46,5,2,5.718696893717321,5.127364702852252,6.4842393177157875,Medium Risk
1,15,8,2,8.943028933186481,4.7565098445163665,2.8995832180378676,Medium Risk
59,11,4,6,4.751977194569495,6.4509744564265326,8.453351220226423,Medium Risk
47,30,13,3,9.45117507342546,5.574745489756538,4.932935805626924,Medium Risk
28,23,11,2,2.1445822932416156,6.4394230533591035,4.983518913104605,Medium Risk
96,13,3,7,0.7415910577403073,6.128547739633639,9.765873392003844,Medium Risk
9,44,7,2,8.914538731447493,7.191965605136547,9.471165032363784,Medium Risk
57,24,12,6,8.476811979622166,6.428035087828761,3.585326833698439,Medium Risk
59,33,8,1,9.925898759338448,5.197424864372673,1.405791286630823,Medium Risk
20,2,3,0,6.793934881124261,6.817968112843865,3.256667322780941,High Risk
27,23,2,5,9.366879266671495,4.4948196518542805,0.3048326031138804,Medium Risk
74,41,7,7,8.269490250841109,2.4167122597260104,0.20767886710391203,Medium Risk
33,8,13,0,8.444263331200869,0.014182201339154599,3.955221362514192,Medium Risk
7,25,4,9,5.691415704542683,5.5996414714584315,9.41019822697234,Medium Risk
58,19,1,8,3.8236459791671082,5.90655226608641,8.713573412322077,Medium Risk
85,39,9,2,9.345580725432818,9.720489647757143,5.11442833917623,Medium Risk
71,9,8,2,4.321171756158945,3.6147833409427554,5.652263811708307,High Risk
48,18,2,3,5.388193672496691,3.9413324282831175,0.05933496746056477,High Risk
78,2,11,0,4.461143071251877,2.0179958134219023,2.1550115583376552,High Risk
16,23,1,8,5.648183139601971,0.7053429523732191,0.24774126934383744,High Risk
59,4,0,2,4.705050789923272,7.728044928617406,7.545395326953876,High Risk
86,2,13,9,0.4796755857947588,2.49681064339325,1.4564579602649774,Medium Risk
87,26,7,3,8.820481860076987,6.089048610300379,8.690471024768168,Medium Risk
44,15,10,0,4.443938189157698,6.8777303554548155,6.433243136757882,Medium Risk
82,48,2,3,5.889436485073487,4.712366872916477,2.2941867651571335,Medium Risk
68,14,6,0,1.3918780275798703,8.763521130271917,1.5772031708324974,High Risk
31,34,0,4,0.03387847982639136,4.437948409797288,6.276247009230531,High Risk
43,11,0,4,2.4529009364364294,2.849086230417651,9.008369802823236,High Risk
64,40,14,6,7.045860321333502,8.960155229616223,7.183602189143816,Low Risk
86,43,11,7,0.991945301128786,8.615642842499565,3.4854665160337763,Medium Risk
7,25,8,3,9.08887440386468,1.64039947076413,5.873835952686472,Medium Risk
76,46,14,6,2.150225693561846,0.2596101835392095,3.1076169537242135,Medium Risk
71,33,11,3,2.045936142917758,0.8998555634962069,9.99149566778659,Medium Risk
86,22,7,2,1.8150796162149552,2.865473985538171,7.488391884618512,High Risk
42,30,11,5,0.13981712971364746,9.722598017417107,6.143816397567536,Medium Risk
0,49,12,3,7.718054684782346,5.58516153160825,4.232591427658292,Medium Risk
50,19,2,2,8.750345312452586,3.7326173202926882,6.181522902595573,High Risk
23,11,5,8,6.141627026161989,8.887160946127464,3.416160624673348,Medium Risk
98,22,10,4,1.881999816798623,4.531363314784996,0.28864839458030755,Medium Risk
23,3,2,6,2.8527799694087976,3.1523862840102113,3.9508852235663285,High Risk
16,22,12,5,4.759266973649633,9.412195287456575,9.30480819579867,Medium Risk
4,47,11,9,9.543459516233009,8.49517666192678,6.263010947738659,Low Risk
19,47,3,4,2.4735137181774283,8.436683754194409,0.8395570307090161,Medium Risk
20,0,0,6,7.316459039198881,5.122847430502131,8.849936133950258,Medium Risk
57,24,4,5,4.394482232929203,7.89438398815455,2.688748493415148,Medium Risk
30,1,0,9,2.978473483600218,1.7935335926455187,2.4376949308272744,High Risk
99,29,12,1,4.5591593702211375,5.732229575562436,2.970909687803208,Medium Risk
10,2,0,2,0.7120671754123253,9.838459228475458,5.772022361259575,High Risk
51,20,9,1,7.986873709303625,2.9095843051796164,5.446880934339767,Medium Risk
14,24,14,2,2.4330192798296713,7.943523292476752,4.914137546228817,Medium Risk
82,19,10,0,7.254121231929704,4.904784072080672,7.17536863512627,Medium Risk
6,48,10,7,0.6834837144819472,0.3980568322208733,3.16537731334959,Medium Risk
27,21,13,5,9.55098556165686,7.630193978156674,7.820645215724311,Low Risk
50,20,6,1,1.9301498540569861,1.685691443921128,1.7532167837859913,High Risk
57,32,11,7,8.827420762070805,6.314735671327502,7.8262078907700925,Low Risk
4,37,5,5,8.094732096154345,0.856641940469729,6.638101052502829,Medium Risk
4,14,1,6,9.67859924081416,9.468673974959648,6.8320830954758645,Medium Risk
93,45,13,0,4.778906609457496,2.917238871803609,4.8155339712725995,Medium Risk
95,14,10,6,7.273972938459515,2.264646916773949,6.670015326808647,Medium Risk
7,45,11,2,3.7071065703778405,1.291364040663343,0.7979704655945741,Medium Risk
63,24,1,7,1.8436823801969382,9.460021933390477,8.515511170493673,Medium Risk
9,20,10,5,4.430759329334489,7.119037424413052,0.5554723348764601,Medium Risk
37,23,6,3,1.6574901538845488,7.416608887180887,1.4874150987149748,Medium Risk
95,4,0,7,9.82044622786384,4.994045613802446,5.767897084972363,Medium Risk
91,5,12,8,0.9624649114071637,4.747277852704834,7.394114554566915,Medium Risk
80,48,1,9,5.892117234526204,1.1002124299147664,0.7625156434625346,Medium Risk
94,42,11,1,6.264638552540559,5.598410955839918,9.207648141223197,Medium Risk
7,47,7,5,5.380795428740543,2.4691649510879046,9.736076488006987,Medium Risk
24,43,5,4,6.621858857118336,9.771453328004059,6.059501730077111,Medium Risk
72,46,14,4,1.1618077501189095,7.965809400151473,4.812434553768366,Medium Risk
65,22,13,9,5.550185242052911,4.129920601928876,7.413949722797497,Low Risk
78,3,1,2,2.8721257112736156,1.5134125869153303,3.283573523272054,High Risk
49,26,6,7,9.401760633010566,7.853316911387839,4.9326443410510645,Medium Risk
66,17,3,7,7.620716534397257,1.22053767081316,9.161510268144013,Medium Risk
48,20,1,4,9.725144821597427,1.893337534970705,9.556554252415335,Medium Risk
35,27,11,7,0.37556069740189546,2.115205177442274,9.27069116051185,Medium Risk
67,34,5,9,2.851331751807087,5.568906382730944,2.6244806696384018,Medium Risk
77,21,10,7,1.95422586638349,7.870566539903663,2.324690402167634,Medium Risk
40,39,14,2,0.111545873118305,3.143148787246922,2.9766450592931424,Medium Risk
88,22,8,1,2.423257302463214,0.8466981427528941,4.413111123884602,High Risk
61,2,10,8,6.787759835204289,4.645384635244191,3.141674127919636,Medium Risk
9,39,8,1,2.3108892213456853,7.481102411599355,3.7421279573905797,Medium Risk
20,49,13,8,5.090034454826182,2.216638430873883,6.206369521207595,Medium Risk
35,9,7,3,8.878181149649986,2.199245480393742,7.6252567709397585,Medium Risk
11,24,14,1,6.937579203490753,9.472270273467108,7.35558198267917,Medium Risk
90,48,2,9,3.9462906990603197,9.541537271191778,8.14423567079152,Medium Risk
1,7,2,0,3.724689389121083,9.904657320615764,0.3218440321540217,High Risk
12,10,1,3,4.5573581400848475,8.076596015747802,0.4773378967875608,High Risk
52,4,4,8,1.7704144105990638,1.8818416916794556,7.893829606886293,High Risk
31,44,13,8,6.340007674159881,2.1198152079926134,5.330788223246319,Medium Risk
94,36,11,3,3.641528191046055,3.40225241522392,5.781406737621203,Medium Risk
15,44,13,8,8.523653492620436,3.1813253133349084,0.5258686021437708,Medium Risk
31,37,3,5,7.565526600578163,9.56527749078009,2.5531380117127087,Medium Risk
31,28,6,0,6.1051316409216,7.890739828816936,6.3835430488547775,Medium Risk
97,4,3,9,3.6420222264951607,7.2400879216155385,8.59181890110676,Medium Risk
10,8,8,5,2.099318316734844,1.8596322405813182,9.169833971814025,Medium Risk
9,47,11,8,7.761518641056229,9.095255593623296,5.004194958350817,Low Risk
14,1,11,1,4.864090989910865,8.278703795061737,5.454742327381976,Medium Risk
16,0,1,5,2.247500381773575,1.636418413279237,8.33049631068991,High Risk
39,39,10,1,1.9517461504000622,8.711703319609725,5.376246007473546,Medium Risk
17,29,13,3,1.6540090450135903,2.7224753637047128,5.1685852553731735,Medium Risk
54,10,5,7,7.77161196205595,0.8086974583210604,9.050840377609537,Medium Risk
72,27,14,6,2.289871853003117,6.5682230651421,7.899327210558801,Medium Risk
24,43,6,8,5.266422635251975,6.5380465938433066,9.090725263612946,Medium Risk
58,11,3,6,4.515463609730564,0.9493200956561809,2.182470547811538,High Risk
77,38,12,0,5.796108992282839,3.188518089365824,5.243754866553568,Medium Risk
88,25,5,1,8.771549003711943,9.928144622555386,8.424721285933579,Medium Risk
21,12,6,5,8.677473900817306,6.784266670087369,1.1114782746710894,Medium Risk
29,7,3,6,4.510760718248596,7.300751666033292,7.946621542939618,Medium Risk
83,27,14,2,0.15366250734723308,2.1291728560430565,1.8297338341486946,Medium Risk
84,29,7,8,4.264438057143032,0.7878207100391432,8.081187549853212,Medium Risk
43,8,8,6,6.061935374241404,2.7690168974093767,6.1200093755686815,Medium Risk
31,38,0,5,5.577647590980618,2.48898385193192,1.9323599148486714,High Risk
50,30,6,5,6.513361058002055,2.345441007480531,4.733541793328011,Medium Risk
45,20,8,0,1.5407573247308348,1.9275432188703956,6.819051664607716,High Risk
20,46,14,4,6.465350987807326,5.747556906554044,6.338529008835424,Low Risk
98,33,11,9,1.8265161874377223,3.2810347584182176,4.272471962317043,Medium Risk
31,30,9,2,7.50523980696749,8.203450150475305,8.99366528920927,Medium Risk
93,24,4,6,3.3908761326267998,1.83947417847384,5.192634144878443,High Risk
38,11,11,9,7.098954333814536,4.646270708685445,5.058672985286884,Medium Risk
11,0,1,2,0.4786559890610709,0.13657836426079983,0.6225058994145427,High Risk
46,21,9,4,4.078600255909134,4.8168232245519205,9.221203897976372,Medium Risk
17,39,5,6,7.050345222633327,0.5583822087647439,1.77116568678373,Medium Risk
20,36,11,2,2.2687051633149413,9.777235118726436,5.283446934365542,Medium Risk
12,46,11,9,7.952870447972225,7.905921286504128,8.035676014003101,Low Risk
20,0,6,1,6.307797331049319,4.901114766364554,2.1545327695564334,High Risk
7,0,1,5,5.875617721497983,0.8658735817935026,5.273732899708411,High Risk
45,41,1,7,3.535488542043371,5.924454407904143,2.4068490922334087,Medium Risk
6,41,9,3,4.824514703811175,7.587637507018775,7.596949977999118,Medium Risk
22,20,14,8,5.973493009778531,1.907172530047453,5.643411678731507,Medium Risk
95,14,13,7,4.724621139148905,5.6820834078749085,8.559758603951435,Medium Risk
74,16,11,6,6.983133239405602,8.14210898382868,8.94558002877383,Medium Risk
85,21,9,6,4.336969331069596,7.6824777764631635,6.487334824453981,Medium Risk
21,37,0,2,2.0227318174203033,8.02992017867153,7.253912461589445,High Risk
88,34,3,5,2.1393378280104725,8.793234248697198,5.492200998868637,Medium Risk
21,44,6,4,0.05803768842941093,9.376821021594703,3.844287330673829,Medium Risk
91,15,13,0,3.0095771555867246,4.0552115520353595,6.481179230208346,Medium Risk
28,7,8,2,7.489176404785196,5.687691025228773,9.082886234873289,Medium Risk
12,46,14,0,7.941627088376095,7.9065952604561085,4.166803804314379,Medium Risk
81,16,2,3,2.0246754209575,6.971398139457832,3.144100263737953,High Risk
1,16,11,9,9.590439968714078,9.955202282643787,3.884369385525741,Low Risk
28,25,10,2,5.024027934801268,0.1367765110464414,4.353976302115996,Medium Risk
84,12,6,3,9.169787490185026,3.5513321531579067,0.7356102897771621,Medium Risk
78,16,6,8,7.0676528186163114,2.8102792627020245,4.9844184043499435,Medium Risk
51,37,6,2,7.224334230224131,2.623158501655346,4.943142480500597,Medium Risk
26,16,1,5,0.8504362130607113,2.225297824988858,5.884438276405231,High Risk
49,47,5,5,2.1999112689693066,7.09123840815229,3.6282003047133147,Medium Risk
94,13,1,6,0.08814833294472635,0.8475947327532185,6.131075959555897,High Risk
78,44,5,8,7.161276404767375,7.416088339433383,8.78216310274203,Medium Risk
22,5,12,6,3.4443828842851,6.934258420162735,9.554709904951643,Medium Risk
87,34,9,0,7.866525160763468,2.508041325008964,5.836122161410496,Medium Risk
43,45,2,7,3.3893621993702627,2.5283378316516125,0.42590953970313095,High Risk
76,13,13,4,8.19333752298861,6.288605853445022,9.69235997267109,Medium Risk
21,46,1,8,1.30698253748313,7.621711054836778,7.0586206089625625,Medium Risk
42,7,11,9,1.733731567575082,8.764856130873655,3.3596364855365213,Medium Risk
36,14,14,4,3.4087653958393647,8.521395638544757,1.4715770096372338,Medium Risk
60,26,13,4,4.084873888822733,9.648829941638532,1.4341861223627494,Medium Risk
96,12,5,1,3.487028108429784,5.813848953365111,1.6774440613960273,High Risk
55,48,1,2,7.636470325232199,9.086555613403597,0.45572521613820305,Medium Risk
2,30,4,9,0.969513926267147,8.085132732604109,9.021541886529116,Medium Risk
62,34,1,8,3.5121701963848806,8.946676243140136,5.4076823282733635,Medium Risk
18,5,2,6,8.372399995154593,0.11626601285366633,6.999594127138372,High Risk
22,4,2,0,0.6679707726217199,9.65902991865811,8.281085092683075,High Risk
28,21,5,2,9.423435076713574,4.735301628464783,7.915410063332002,Medium Risk
29,48,5,1,9.863168422720129,7.9818298957484295,8.826056237288416,Medium Risk
38,22,9,0,0.8856817382508009,1.2720411933778086,9.67254622524952,High Risk
24,24,2,8,2.91272522255737,3.959410958139741,4.390706147419396,Medium Risk
7,33,2,7,3.7240066603535613,2.714606630209909,9.503354666683904,Medium Risk
57,25,12,4,7.76391368652726,2.9165877050093703,7.232899483428163,Medium Risk
15,46,11,1,5.959268121167338,1.2325561995088175,0.7066819030807847,Medium Risk
71,4,12,0,6.443657004925674,8.05763832543007,6.817831212123454,Medium Risk
0,25,0,6,7.57509822818506,0.09242314581078159,6.867166596048486,High Risk
4,19,6,1,1.1797899943702572,3.1250545698520247,9.058605637925272,High Risk
2,5,12,0,8.332094569102624,1.7441054321641503,3.7293213247009205,High Risk
64,5,7,1,7.056198041801441,5.890389406083405,5.849115002718178,Medium Risk
3,49,1,6,5.773417251963703,2.5425240261454385,0.12187551011742515,Medium Risk
98,17,3,6,8.897353347830567,2.5899845452809966,3.32075242181336,Medium Risk
95,3,9,9,7.003063538838071,4.883381439953187,0.6224372615878093,Medium Risk
63,16,6,5,2.016999626310254,6.526890393409257,5.21872972764897,Medium Risk
97,13,7,4,4.297453810756667,1.2130470456516362,8.174476505069531,High Risk
88,13,0,2,4.940428669357333,1.7551145246549615,2.0644269212906896,High Risk
9,12,3,2,0.5521762675040565,2.471747445945176,5.274410455577785,High Risk
20,6,5,8,9.546375133600558,9.737482141179605,2.040086365107671,Medium Risk
45,43,2,3,1.2857726079687848,3.9715249994292035,1.2068846784624043,High Risk
90,14,4,8,6.974612672267268,5.989900906310265,5.109967919343425,Medium Risk
26,18,9,3,5.062310360908802,2.415428127159779,0.7914862094972763,High Risk
65,42,8,1,0.25632249884422587,4.904595251574879,5.873546311379894,Medium Risk
40,46,10,3,9.247474758643616,0.7411917438595805,0.3133746067672627,Medium Risk
12,43,12,5,8.518368088189332,0.3474214592232694,1.0671497186837553,Medium Risk
8,34,2,5,5.242579279038355,4.687335268214602,5.499974854873578,Medium Risk
35,16,4,4,2.2894233613944523,3.9865928751841206,5.914074128989139,High Risk
85,34,7,0,1.2162289068009424,1.3688031969182768,0.2898693009375808,High Risk
89,18,5,2,3.633924794321266,6.876014289207337,5.733767880015584,High Risk
57,19,3,4,2.554282810460905,9.929034908992644,8.38502525323637,Medium Risk
53,35,7,5,5.066912010062987,3.956468211967125,7.223161772939539,Medium Risk
11,34,10,0,9.664092961234289,6.245586359173945,1.3118510392079863,Medium Risk
80,31,2,8,5.749534932296414,9.629759423644856,5.924746475636149,Medium Risk
77,47,2,2,8.899310558900979,8.315349724468753,6.722525000742134,Medium Risk
13,43,3,9,6.508788374957772,4.635522233026857,0.37231201752291776,Medium Risk
33,39,8,2,4.752465265872004,7.3748948445991935,8.553476686836227,Medium Risk
52,23,4,1,8.546075627333712,1.2813504025052402,9.062673972898303,High Risk
19,16,7,7,4.713681101729975,5.121038554637992,8.504522733622586,Medium Risk
74,6,5,2,8.68628170510361,2.7906027717993656,8.246314679891132,High Risk
15,42,2,5,2.915767695757653,1.611636878961611,7.449651984608932,High Risk
94,49,14,1,1.2881307376298812,4.262809062545348,6.334320312819601,Medium Risk
69,0,7,6,8.553144643629384,1.3101455443361443,6.7862700498825195,Medium Risk
55,34,11,3,5.874151637926667,6.989851081744856,8.06395293334983,Medium Risk
82,31,8,8,8.890923982489602,4.562400440533355,6.624984583613046,Medium Risk
57,35,7,9,9.378272069923831,5.311446325646639,3.27726956682071,Medium Risk
3,12,12,8,0.5362839037144917,1.4637593866815701,3.759611021613539,Medium Risk
3,5,3,6,5.009693018588683,1.3977166109349448,8.970574683722921,High Risk
19,13,13,7,3.7496454907452925,5.8341543526012405,0.171220857971619,Medium Risk
9,36,13,2,6.258583970701172,9.850097478294463,6.98820581244282,Medium Risk
23,47,12,4,7.935911972023235,0.9625058323772562,9.547775524252154,Medium Risk
98,14,10,1,2.8059021597436895,2.8573142856578126,7.062281699579737,High Risk
25,46,5,9,5.567983843731716,8.694591165378876,9.93911988231782,Low Risk
36,3,0,6,7.0872857990489955,0.7227201225523694,6.875449055283308,High Risk
84,39,3,7,1.3443108283573402,8.758857213669513,0.34363029216861074,Medium Risk
